id,taskid,ip,port,isShown,speciality,type,title,server,url,note,vulnerable,isVpn,cookies
45566,620,202.120.160.5,443,True,,low," + ID_EESX_Welcome + ",None,https://202.120.160.5:443,,False,False,
45567,620,202.120.160.5,80,True,,low," + ID_EESX_Welcome + ",None,http://202.120.160.5,,False,False,
45568,620,202.120.160.19,80,True,,low,空标题,,http://202.120.160.19,,False,False,
45569,620,202.120.160.18,80,True,,low,空标题,,http://202.120.160.18,,False,False,
45570,620,202.120.161.10,80,True,,low,Polycom® RealPresence® Media Suite,YxlinkWAF        ,http://202.120.161.10,,False,False,
45571,620,202.120.161.10,443,True,,low,Polycom® RealPresence® Media Suite,Apache-Coyote/1.1,https://202.120.161.10:443,,False,False,
45572,620,202.120.161.129,6379,True,,medium,,,,,False,False,
45573,620,202.120.161.129,80,True,,low,&nbsp;&nbsp;,Apache,http://202.120.161.129,,False,False,
45574,620,202.120.161.129,443,True,,low,&nbsp;&nbsp;,Apache,https://202.120.161.129:443,,False,False,
45575,620,202.120.161.134,22,True,,high,,,,,False,False,
45576,620,202.120.161.141,21,True,,medium,,,,,False,False,
45577,620,202.120.161.141,22,True,,high,,,,,False,False,
45578,620,202.120.161.142,22,True,,high,,,,,False,False,
45579,620,202.120.161.141,8081,True,,low,400 The plain HTTP request was sent to HTTPS port,nginx,http://202.120.161.141:8081,,False,False,
45580,620,202.120.161.141,80,True,,low,Login,Apache,http://202.120.161.141,,False,False,
45581,620,202.120.161.141,443,True,,low,Login,Apache,https://202.120.161.141:443,,False,False,
45582,620,202.120.161.137,80,True,,low,,,,,False,False,
45583,620,202.120.161.141,8080,True,,low,空标题,nginx,http://202.120.161.141:8080,,False,False,
45584,620,202.120.161.145,22,True,,high,,,,,False,False,
45585,620,202.120.161.146,22,True,,high,,,,,False,False,
45586,620,202.120.162.2,3306,True,,medium,,,,,False,False,
45587,620,202.120.162.5,3306,True,,medium,,,,,False,False,
45588,620,202.120.162.5,21,True,,medium,,,,,False,False,
45589,620,202.120.162.6,3306,True,,medium,,,,,False,False,
45590,620,202.120.162.7,21,True,,medium,,,,,False,False,
45591,620,202.120.162.11,21,True,,medium,,,,,False,False,
45592,620,202.120.162.12,21,True,,medium,,,,,False,False,
45593,620,202.120.162.11,3306,True,,medium,,,,,False,False,
45594,620,202.120.162.12,3306,True,,medium,,,,,False,False,
45595,620,202.120.162.3,80,True,,low,同济大学土木工程学院教师个人主页,YxlinkWAF       ,http://202.120.162.3,,False,False,
45596,620,202.120.162.4,8080,True,,low,VAppServer/6.0.0 - Error report,YxlinkWAF       ,http://202.120.162.4:8080,,False,False,
45597,620,202.120.162.6,80,True,,low,主页,WSGIServer/0.2 CPython/3.7.3,http://202.120.162.6,,False,False,
45598,620,202.120.162.12,80,True,,low,403 Forbidden,YxlinkWAF  ,http://202.120.162.12,,False,False,
45599,620,202.120.162.11,80,True,,low,403 Forbidden,YxlinkWAF  ,http://202.120.162.11,,False,False,
45600,620,202.120.162.3,8080,True,,low,VAppServer/6.0.0 - Error report,YxlinkWAF       ,http://202.120.162.3:8080,,False,False,
45601,620,202.120.162.5,80,True,,low,404 Not Found,YxlinkWAF   ,http://202.120.162.5,,False,False,
45602,620,202.120.162.11,8080,True,,low,wdCP云主机管理系统,None,http://202.120.162.11:8080,,False,False,
45603,620,202.120.162.2,80,True,,low,,,,,False,False,
45604,620,202.120.162.2,443,True,,low,,,,,False,False,
45605,620,202.120.162.12,8080,True,,low,wdCP云主机管理系统,None,http://202.120.162.12:8080,,False,False,
45606,620,202.120.162.7,80,True,,low,,,,,False,False,
45607,620,202.120.162.13,3306,True,,medium,,,,,False,False,
45608,620,202.120.162.13,21,True,,medium,,,,,False,False,
45609,620,202.120.162.16,3306,True,,medium,,,,,False,False,
45610,620,202.120.162.17,1521,True,,medium,,,,,False,False,
45611,620,202.120.162.20,21,True,,medium,,,,,False,False,
45612,620,202.120.162.23,3306,True,,medium,,,,,False,False,
45613,620,202.120.162.20,80,True,,low,空标题,YxlinkWAF            ,http://202.120.162.20,,False,False,
45614,620,202.120.162.22,80,True,,low,
	MIPS246
,YxlinkWAF         ,http://202.120.162.22,,False,False,
45615,620,202.120.162.13,80,True,,low,403 Forbidden,YxlinkWAF  ,http://202.120.162.13,,False,False,
45616,620,202.120.162.23,80,True,,low,,,,,False,False,
45617,620,202.120.162.23,8080,True,,low,HTTP Status 404 – Not Found,Yxlink ,http://202.120.162.23:8080,,False,False,
45618,620,202.120.162.24,8080,True,,low,HTTP Status 404 – 未找到,None,http://202.120.162.24:8080,,False,False,
45619,620,202.120.162.13,8080,True,,low,wdCP云主机管理系统,None,http://202.120.162.13:8080,,False,False,
45620,620,202.120.162.23,443,True,,low,HTTP Status 404 – Not Found,unknow,https://202.120.162.23:443,,False,False,
45621,620,202.120.162.16,80,True,,low,云兆信息一体化平台--登陆界面,YxlinkWAF              ,http://202.120.162.16,,False,False,
45622,620,202.120.162.19,80,True,,low,登录 - 同济大学经济与管理学院,YxlinkWAF   ,http://202.120.162.19,,False,False,
45623,620,202.120.162.19,8080,True,,low,登录 - 同济大学经济与管理学院,YxlinkWAF   ,http://202.120.162.19:8080,,False,False,
45624,620,202.120.162.24,80,True,,low,,,,,False,False,
45625,620,202.120.162.31,21,True,,medium,,,,,False,False,
45626,620,202.120.162.35,80,True,,low,学院空间与设施预约管理系统,YxlinkWAF   ,http://202.120.162.35,,False,False,
45627,620,202.120.162.36,80,True,,low,Unity WebGL Player | Industry 4.0,None,http://202.120.162.36,,False,False,
45628,620,202.120.162.37,80,True,,low,空标题,YxlinkWAF        ,http://202.120.162.37,,False,False,
45629,620,202.120.162.31,80,True,,low,系统登录 - 虚拟仿真实验教学平台实践教学管理平台 ,YxlinkWAF   ,http://202.120.162.31,,False,False,
45630,620,202.120.162.31,443,True,,low,系统登录 - 虚拟仿真实验教学平台实践教学管理平台 ,nginx/1.18.0,https://202.120.162.31:443,,False,False,
45631,620,202.120.162.32,80,True,,low,System Error,YxlinkWAF    ,http://202.120.162.32,,False,False,
45632,620,202.120.162.29,80,True,,low,
	上海牙组织修复与再生工程技术研究中心
,YxlinkWAF        ,http://202.120.162.29,,False,False,
45633,620,202.120.162.38,3306,True,,medium,,,,,False,False,
45634,620,202.120.162.39,3306,True,,medium,,,,,False,False,
45635,620,202.120.162.42,21,True,,medium,,,,,False,False,
45636,620,202.120.162.41,1433,True,,medium,,,,admin/123456,True,False,
45637,620,202.120.162.43,6379,True,,medium,,,,,False,False,
45638,620,202.120.162.43,3306,True,,medium,,,,,False,False,
45639,620,202.120.162.45,21,True,,medium,,,,,False,False,
45640,620,202.120.162.45,3306,True,,medium,,,,,False,False,
45641,620,202.120.162.39,80,True,,low,同济大学艺术与传媒学院,YxlinkWAF        ,http://202.120.162.39,,False,False,
45642,620,202.120.162.40,80,True,,low,空标题,YxlinkWAF        ,http://202.120.162.40,,False,False,
45643,620,202.120.162.43,8081,True,,low,空标题,Apache-Coyote/1.1,http://202.120.162.43:8081,,False,False,
45644,620,202.120.162.43,8080,True,,low,空标题,None,http://202.120.162.43:8080,,False,False,
45645,620,202.120.162.44,8080,True,,low,空标题,YxlinkWAF        ,http://202.120.162.44:8080,,False,False,
45646,620,202.120.162.43,443,True,,low,智课堂直播平台,nginx,https://202.120.162.43:443,,False,False,
45647,620,202.120.162.41,8080,True,,low,寄存柜WEB远程管理系统 ,YxlinkWAF        ,http://202.120.162.41:8080,admin/123456,True,False,
45648,620,202.120.162.43,80,True,,low,首页,,http://202.120.162.43,,False,False,
45649,620,202.120.162.41,80,True,,low,会议签到系统,YxlinkWAF        ,http://202.120.162.41,admin/123456,True,False,
45650,620,202.120.162.42,80,True,,low,,,,,False,False,
45651,620,202.120.162.55,21,True,,medium,,,,,False,False,
45652,620,202.120.162.53,5432,True,,medium,,,,,False,False,
45653,620,202.120.162.58,21,True,,medium,,,,,False,False,
45654,620,202.120.162.58,3306,True,,medium,,,,,False,False,
45655,620,202.120.162.58,6379,True,,medium,,,,,False,False,
45656,620,202.120.162.58,1521,True,,medium,,,,,False,False,
45657,620,202.120.162.61,3306,True,,medium,,,,,False,False,
45658,620,202.120.162.58,80,True,,low,403 Forbidden,YxlinkWAF ,http://202.120.162.58,,False,False,
45659,620,202.120.162.54,80,True,,low,M365 Next,YxlinkWAF   ,http://202.120.162.54,,False,False,
45660,620,202.120.162.61,80,True,,low,同济大学,YxlinkWAF   ,http://202.120.162.61,,False,False,
45661,620,202.120.162.61,8080,True,,low,同济大学,YxlinkWAF        ,http://202.120.162.61:8080,,False,False,
45662,620,202.120.162.55,80,True,,low,同济大学征兵报名中心,Yxlink,http://202.120.162.55,,False,False,
45663,620,202.120.162.53,443,True,,low,空标题,None,https://202.120.162.53:443,,False,False,
45664,620,202.120.162.59,80,True,,low,首页,YxlinkWAF        ,http://202.120.162.59,,False,False,
45665,620,202.120.162.63,80,True,,low,“探索脑”互动教学,None,http://202.120.162.63,,False,False,
45666,620,202.120.162.64,80,True,,low,retirementsystem,YxlinkWAF   ,http://202.120.162.64,,False,False,
45667,620,202.120.162.64,8080,True,,low,空标题,None,http://202.120.162.64:8080,,False,False,
45668,620,202.120.162.81,3306,True,,medium,,,,越权,True,False,
45669,620,202.120.162.78,80,True,,low,同济大学消防联网报警及管理平台,YxlinkWAF         ,http://202.120.162.78,,False,False,
45670,620,202.120.162.77,80,True,,low,403 Forbidden,,http://202.120.162.77,,False,False,
45671,620,202.120.162.82,80,True,,low,403 Forbidden,YxlinkWAF   ,http://202.120.162.82,,False,False,
45672,620,202.120.162.81,80,True,,low,水务系统,YxlinkWAF        ,http://202.120.162.81,越权,True,False,
45673,620,202.120.162.79,80,True,,low,同济大学采购与招标管理办公室,YxlinkWAF        ,http://202.120.162.79,,False,False,
45674,620,202.120.162.90,6379,True,,medium,,,,,False,False,
45675,620,202.120.162.91,3306,True,,medium,,,,,False,False,
45676,620,202.120.162.91,6379,True,,medium,,,,,False,False,
45677,620,202.120.162.91,21,True,,medium,,,,,False,False,
45678,620,202.120.162.91,80,True,,low,Welcome to nginx!,YxlinkWAF   ,http://202.120.162.91,,False,False,
45679,620,202.120.162.90,80,True,,low,同济大学后勤服务大厅,YxlinkWAF   ,http://202.120.162.90,,False,False,
45680,620,202.120.162.92,80,True,,low,Apache Tomcat/7.0.99,YxlinkWAF        ,http://202.120.162.92,,False,False,
45681,620,202.120.162.88,80,True,,low,IIS Windows Server,YxlinkWAF         ,http://202.120.162.88,,False,False,
45682,620,202.120.162.101,3306,True,,medium,,,,,False,False,
45683,620,202.120.162.103,21,True,,medium,,,,,False,False,
45684,620,202.120.162.102,8081,True,,low,
	档案管理系统
,Microsoft-IIS/10.0,http://202.120.162.102:8081,,False,False,
45685,620,202.120.162.113,21,True,,medium,,,,,False,False,
45686,620,202.120.162.115,3306,True,,medium,,,,,False,False,
45687,620,202.120.162.114,3306,True,,medium,,,,,False,False,
45688,620,202.120.162.119,3306,True,,medium,,,,,False,False,
45689,620,202.120.162.113,80,True,,low,空标题,,http://202.120.162.113,,False,False,
45690,620,202.120.162.118,8080,True,,low,空标题,YxlinkWAF        ,http://202.120.162.118:8080,,False,False,
45691,620,202.120.162.119,8080,True,,low,Welcome to nginx!,YxlinkWAF   ,http://202.120.162.119:8080,,False,False,
45692,620,202.120.162.130,1433,True,,medium,,,,,False,False,
45693,620,202.120.162.129,1521,True,,medium,,,,,False,False,
45694,620,202.120.162.131,3306,True,,medium,,,,,False,False,
45695,620,202.120.162.132,80,True,,low,Welcome to campus!,YxlinkWAF   ,http://202.120.162.132,,False,False,
45696,620,202.120.162.131,8080,True,,low,空标题,None,http://202.120.162.131:8080,,False,False,
45697,620,202.120.162.129,80,True,,low,IIS Windows Server,YxlinkWAF         ,http://202.120.162.129,,False,False,
45698,620,202.120.162.131,80,True,,low,pdfjs-vueDemo,YxlinkWAF         ,http://202.120.162.131,,False,False,
45699,620,202.120.162.128,80,True,,low,空标题,YxlinkWAF        ,http://202.120.162.128,,False,False,
45700,620,202.120.162.135,80,True,,low,Error,,http://202.120.162.135,,False,False,
45701,620,202.120.162.130,80,True,,low,IIS Windows Server,YxlinkWAF         ,http://202.120.162.130,,False,False,
45702,620,202.120.162.164,21,True,,medium,,,,,False,False,
45703,620,202.120.162.163,3306,True,,medium,,,,,False,False,
45704,620,202.120.162.164,3306,True,,medium,,,,,False,False,
45705,620,202.120.162.165,2049,True,,high,,,,,False,False,
45706,620,202.120.162.168,1521,True,,medium,,,,,False,False,
45707,620,202.120.162.171,3306,True,,medium,,,,,False,False,
45708,620,202.120.162.173,2049,True,,high,,,,,False,False,
45709,620,202.120.162.169,8080,True,,low,空标题,YxlinkWAF        ,http://202.120.162.169:8080,,False,False,
45710,620,202.120.162.164,80,True,,low,IIS Windows Server,YxlinkWAF         ,http://202.120.162.164,,False,False,
45711,620,202.120.162.170,8080,True,,low,空标题,YxlinkWAF        ,http://202.120.162.170:8080,,False,False,
45712,620,202.120.162.167,80,True,,low,空标题,YxlinkWAF   ,http://202.120.162.167,,False,False,
45713,620,202.120.162.167,443,True,,low,,,,,False,False,
45714,620,202.120.162.173,8443,True,,low,,,,,False,False,
45715,620,202.120.162.165,8443,True,,low,,,,,False,False,
45716,620,202.120.162.166,8443,True,,low,,,,,False,False,
45717,620,202.120.162.169,8443,True,,low,,,,,False,False,
45718,620,202.120.162.170,8443,True,,low,,,,,False,False,
45719,620,202.120.162.163,80,True,,low,,,,,False,False,
45720,620,202.120.162.173,8081,True,,low,,,,,False,False,
45721,620,202.120.162.175,6379,True,,medium,,,,,False,False,
45722,620,202.120.162.177,3306,True,,medium,,,,,False,False,
45723,620,202.120.162.178,21,True,,medium,,,,,False,False,
45724,620,202.120.162.179,21,True,,medium,,,,,False,False,
45725,620,202.120.162.177,8080,True,,low,Welcome to nginx!,YxlinkWAF   ,http://202.120.162.177:8080,,False,False,
45726,620,202.120.162.177,8081,True,,low,Apache Tomcat/7.0.86,Apache-Coyote/1.1,http://202.120.162.177:8081,,False,False,
45727,620,202.120.162.178,80,True,,low,空标题,YxlinkWAF         ,http://202.120.162.178,,False,False,
45728,620,202.120.162.179,80,True,,low,医学院研究生教育管理平台,YxlinkWAF         ,http://202.120.162.179,,False,False,
45729,620,202.120.162.188,1521,True,,medium,,,,redis弱密码,True,False,
45730,620,202.120.162.188,6379,True,,medium,,,,redis弱密码,True,False,
45731,620,202.120.162.190,3306,True,,medium,,,,,False,False,
45732,620,202.120.162.190,21,True,,medium,,,,,False,False,
45733,620,202.120.162.192,1433,True,,medium,,,,,False,False,
45734,620,202.120.162.193,21,True,,medium,,,,,False,False,
45735,620,202.120.162.193,3306,True,,medium,,,,,False,False,
45736,620,202.120.162.188,80,True,,low,空标题,YxlinkWAF        ,http://202.120.162.188,redis弱密码,True,False,
45737,620,202.120.162.190,80,True,,low,403 Forbidden,,http://202.120.162.190,,False,False,
45738,620,202.120.162.189,80,True,,low,The 18th International Symposium on Electrets (ISE18),YxlinkWAF         ,http://202.120.162.189,,False,False,
45739,620,202.120.162.199,8080,True,,low,空标题,None,http://202.120.162.199:8080,,False,False,
45740,620,202.120.162.199,7001,True,,low,,,,,False,False,
45741,620,202.120.162.192,80,True,,low,
	同济大学医学院课题组信息网 
,YxlinkWAF         ,http://202.120.162.192,,False,False,
45742,620,202.120.162.193,80,True,,low,城市轨道交通研究,,http://202.120.162.193,,False,False,
45743,620,202.120.162.199,80,True,,low,,,,,False,False,
45744,620,202.120.162.199,443,True,,low,,,,,False,False,
45745,620,202.120.162.202,1433,True,,medium,,,,,False,False,
45746,620,202.120.162.207,3306,True,,medium,,,,,False,False,
45747,620,202.120.162.211,1433,True,,medium,,,,,False,False,
45748,620,202.120.162.202,80,True,,low,空标题,YxlinkWAF   ,http://202.120.162.202,,False,False,
45749,620,202.120.162.212,443,True,,low,车辆管理系统,nginx/1.21.4,https://202.120.162.212:443,,False,False,
45750,620,202.120.162.207,80,True,,low,同济大学法学院科研管理系统,,http://202.120.162.207,,False,False,
45751,620,202.120.162.212,80,True,,low,车辆管理系统,nginx/1.21.4,http://202.120.162.212,,False,False,
45752,620,202.120.162.211,80,True,,low,上海站营销数据分析系统,YxlinkWAF         ,http://202.120.162.211,,False,False,
45753,620,202.120.162.211,8080,True,,low,,,,,False,False,
45754,620,202.120.162.211,443,True,,low,,,,,False,False,
45755,620,202.120.163.1,21,True,,medium,,,,,False,False,
45756,620,202.120.163.2,3306,True,,medium,,,,,False,False,
45757,620,202.120.163.4,1433,True,,medium,,,,,False,False,
45758,620,202.120.163.5,3306,True,,medium,,,,,False,False,
45759,620,202.120.163.2,80,True,,low,Apache HTTP Server Test Page powered by CentOS,YxlinkWAF            ,http://202.120.163.2,,False,False,
45760,620,202.120.163.1,80,True,,low,Error,YxlinkWAF  ,http://202.120.163.1,,False,False,
45761,620,202.120.163.3,80,True,,low,401 - 未授权: 由于凭据无效，访问被拒绝。,YxlinkWAF        ,http://202.120.163.3,,False,False,
45762,620,202.120.163.2,443,True,,low,Apache HTTP Server Test Page powered by CentOS,Apache/2.2.3 (CentOS),https://202.120.163.2:443,,False,False,
45763,620,202.120.163.5,80,True,,low,校长办公室- 校长办公室,YxlinkWAF             ,http://202.120.163.5,,False,False,
45764,620,202.120.163.7,1521,True,,medium,,,,,False,False,
45765,620,202.120.163.11,21,True,,medium,,,,,False,False,
45766,620,202.120.163.12,6379,True,,medium,,,,,False,False,
45767,620,202.120.163.15,3306,True,,medium,,,,,False,False,
45768,620,202.120.163.16,21,True,,medium,,,,,False,False,
45769,620,202.120.163.9,80,True,,low,空标题,YxlinkWAF            ,http://202.120.163.9,,False,False,
45770,620,202.120.163.16,80,True,,low,403 Forbidden,YxlinkWAF   ,http://202.120.163.16,,False,False,
45771,620,202.120.163.12,80,True,,low,空标题,,http://202.120.163.12,,False,False,
45772,620,202.120.163.7,80,True,,low,
	同济大学因公出国(境)申报管理平台
,YxlinkWAF        ,http://202.120.163.7,,False,False,
45773,620,202.120.163.18,80,True,,low,大学生创新创业训练计划管理系统,YxlinkWAF        ,http://202.120.163.18,,False,False,
45774,620,202.120.163.19,80,True,,low,同济大学沪西校区,YxlinkWAF             ,http://202.120.163.19,,False,False,
45775,620,202.120.163.14,80,True,,low,空标题,None,http://202.120.163.14,,False,False,
45776,620,202.120.163.15,80,True,,low,
	Rmeeting login
,YxlinkWAF         ,http://202.120.163.15,,False,False,
45777,620,202.120.163.11,80,True,,low,上海市磁浮与轨道交通协同创新中心,YxlinkWAF        ,http://202.120.163.11,,False,False,
45778,620,202.120.163.12,443,True,,low,空标题,,https://202.120.163.12:443,,False,False,
45779,620,202.120.163.7,8080,True,,low,403 - 禁止访问: 访问被拒绝。,YxlinkWAF        ,http://202.120.163.7:8080,,False,False,
45780,620,202.120.163.7,8081,True,,low,,,,,False,False,
45781,620,202.120.163.20,3306,True,,medium,,,,,False,False,
45782,620,202.120.163.21,21,True,,medium,,,,,False,False,
45783,620,202.120.163.21,3306,True,,medium,,,,,False,False,
45784,620,202.120.163.25,21,True,,medium,,,,,False,False,
45785,620,202.120.163.30,21,True,,medium,,,,,False,False,
45786,620,202.120.163.21,80,True,,low,403 Forbidden,YxlinkWAF   ,http://202.120.163.21,,False,False,
45787,620,202.120.163.25,80,True,,low,403 Forbidden,Yxlink,http://202.120.163.25,,False,False,
45788,620,202.120.163.27,80,True,,low,空标题,YxlinkWAF            ,http://202.120.163.27,,False,False,
45789,620,202.120.163.20,80,True,,low,同济大学精品课程,Yxlink,http://202.120.163.20,,False,False,
45790,620,202.120.163.29,80,True,,low,空标题,YxlinkWAF            ,http://202.120.163.29,,False,False,
45791,620,202.120.163.25,8080,True,,low,wdcp服务器/虚拟主机管理系统,Yxlink,http://202.120.163.25:8080,,False,False,
45792,620,202.120.163.30,80,True,,low,建设中,YxlinkWAF        ,http://202.120.163.30,,False,False,
45793,620,202.120.163.22,80,True,,low,IIS7,YxlinkWAF        ,http://202.120.163.22,,False,False,
45794,620,202.120.163.24,80,True,,low,同济大学党委办公室,YxlinkWAF                       ,http://202.120.163.24,,False,False,
45795,620,202.120.163.33,21,True,,medium,,,,,False,False,
45796,620,202.120.163.34,21,True,,medium,,,,,False,False,
45797,620,202.120.163.37,3306,True,,medium,,,,,False,False,
45798,620,202.120.163.40,21,True,,medium,,,,,False,False,
45799,620,202.120.163.41,21,True,,medium,,,,,False,False,
45800,620,202.120.163.40,1433,True,,medium,,,,,False,False,
45801,620,202.120.163.43,21,True,,medium,,,,,False,False,
45802,620,202.120.163.42,21,True,,medium,,,,,False,False,
45803,620,202.120.163.37,8080,True,,low,Apache Tomcat,YxlinkWAF        ,http://202.120.163.37:8080,,False,False,
45804,620,202.120.163.35,443,True,,low,,,,,False,False,
45805,620,202.120.163.41,80,True,,low,403 Forbidden,Yxlink  ,http://202.120.163.41,,False,False,
45806,620,202.120.163.33,80,True,,low,建设中,YxlinkWAF        ,http://202.120.163.33,,False,False,
45807,620,202.120.163.37,443,True,,low,,,,,False,False,
45808,620,202.120.163.35,80,True,,low,同济大学基建处,YxlinkWAF             ,http://202.120.163.35,,False,False,
45809,620,202.120.163.34,80,True,,low,
	同济大学亚洲太平洋研究中心
,YxlinkWAF        ,http://202.120.163.34,,False,False,
45810,620,202.120.163.43,80,True,,low,HUBS,YxlinkWAF   ,http://202.120.163.43,,False,False,
45811,620,202.120.163.37,80,True,,low,同济大学人文学院,YxlinkWAF             ,http://202.120.163.37,,False,False,
45812,620,202.120.163.44,80,True,,low,
	MIPS246
,YxlinkWAF        ,http://202.120.163.44,,False,False,
45813,620,202.120.163.40,80,True,,low,IIS Windows Server,YxlinkWAF        ,http://202.120.163.40,,False,False,
45814,620,202.120.163.42,80,True,,low,,,,,False,False,
45815,620,202.120.163.50,3306,True,,medium,,,,,False,False,
45816,620,202.120.163.45,80,True,,low,project,,http://202.120.163.45,,False,False,
45817,620,202.120.163.50,8080,True,,low,Apache Tomcat/8.0.28,YxlinkWAF        ,http://202.120.163.50:8080,,False,False,
45818,620,202.120.163.49,80,True,,low, SEPPA Server version 2,YxlinkWAF             ,http://202.120.163.49,,False,False,
45819,620,202.120.163.59,3306,True,,medium,,,,,False,False,
45820,620,202.120.163.59,21,True,,medium,,,,,False,False,
45821,620,202.120.163.59,6379,True,,medium,,,,,False,False,
45822,620,202.120.163.60,21,True,,medium,,,,,False,False,
45823,620,202.120.163.63,21,True,,medium,,,,,False,False,
45824,620,202.120.163.63,3306,True,,medium,,,,,False,False,
45825,620,202.120.163.65,21,True,,medium,,,,,False,False,
45826,620,202.120.163.65,3306,True,,medium,,,,,False,False,
45827,620,202.120.163.67,3306,True,,medium,,,,,False,False,
45828,620,202.120.163.68,3306,True,,medium,,,,,False,False,
45829,620,202.120.163.68,21,True,,medium,,,,,False,False,
45830,620,202.120.163.57,80,True,,low,空标题,YxlinkWAF            ,http://202.120.163.57,,False,False,
45831,620,202.120.163.59,80,True,,low,403 Forbidden,YxlinkWAF   ,http://202.120.163.59,,False,False,
45832,620,202.120.163.60,80,True,,low,空标题,YxlinkWAF            ,http://202.120.163.60,,False,False,
45833,620,202.120.163.62,80,True,,low,空标题,YxlinkWAF            ,http://202.120.163.62,,False,False,
45834,620,202.120.163.63,80,True,,low,同济大学创业谷,YxlinkWAF   ,http://202.120.163.63,,False,False,
45835,620,202.120.163.68,80,True,,low,空标题,YxlinkWAF            ,http://202.120.163.68,,False,False,
45836,620,202.120.163.69,80,True,,low,空标题,YxlinkWAF            ,http://202.120.163.69,,False,False,
45837,620,202.120.163.66,80,True,,low,建筑钢结构进展,YxlinkWAF        ,http://202.120.163.66,,False,False,
45838,620,202.120.163.65,80,True,,low,空标题,None,http://202.120.163.65,,False,False,
45839,620,202.120.163.67,80,True,,low,同济大学后勤干部考核系统 - Powered By JeeSite,YxlinkWAF        ,http://202.120.163.67,,False,False,
45840,620,202.120.163.63,8080,True,,low,Apache Tomcat,YxlinkWAF        ,http://202.120.163.63:8080,,False,False,
45841,620,202.120.163.68,8080,True,,low,,,,,False,False,
45842,620,202.120.163.69,1433,True,,medium,,,,,False,False,
45843,620,202.120.163.74,3306,True,,medium,,,,,False,False,
45844,620,202.120.163.74,21,True,,medium,,,,,False,False,
45845,620,202.120.163.75,21,True,,medium,,,,,False,False,
45846,620,202.120.163.79,21,True,,medium,,,,,False,False,
45847,620,202.120.163.80,3306,True,,medium,,,,,False,False,
45848,620,202.120.163.81,1521,True,,medium,,,,,False,False,
45849,620,202.120.163.74,80,True,,low,空标题,Yxlink,http://202.120.163.74,,False,False,
45850,620,202.120.163.80,80,True,,low,空标题,YxlinkWAF            ,http://202.120.163.80,,False,False,
45851,620,202.120.163.76,80,True,,low,空标题,YxlinkWAF        ,http://202.120.163.76,,False,False,
45852,620,202.120.163.75,80,True,,low,IIS Windows Server,YxlinkWAF        ,http://202.120.163.75,,False,False,
45853,620,202.120.163.80,443,True,,low,空标题,Microsoft-HTTPAPI/2.0,https://202.120.163.80:443,,False,False,
45854,620,202.120.163.82,21,True,,medium,,,,,False,False,
45855,620,202.120.163.82,3306,True,,medium,,,,,False,False,
45856,620,202.120.163.84,21,True,,medium,,,,,False,False,
45857,620,202.120.163.86,1521,True,,medium,,,,,False,False,
45858,620,202.120.163.88,21,True,,medium,,,,,False,False,
45859,620,202.120.163.90,3306,True,,medium,,,,,False,False,
45860,620,202.120.163.84,80,True,,low,404 Not Found,YxlinkWAF   ,http://202.120.163.84,,False,False,
45861,620,202.120.163.82,80,True,,low,403 Forbidden,YxlinkWAF   ,http://202.120.163.82,,False,False,
45862,620,202.120.163.90,80,True,,low,空标题,YxlinkWAF        ,http://202.120.163.90,,False,False,
45863,620,202.120.163.88,80,True,,low,同济大学科技成果转移转化中心,YxlinkWAF   ,http://202.120.163.88,,False,False,
45864,620,202.120.163.83,80,True,,low,,,,,False,False,
45865,620,202.120.163.93,80,True,,low,,,,,False,False,
45866,620,202.120.163.97,3306,True,,medium,,,,,False,False,
45867,620,202.120.163.100,3306,True,,medium,,,,,False,False,
45868,620,202.120.163.106,21,True,,medium,,,,,False,False,
45869,620,202.120.163.99,80,True,,low,Welcome to campus!,YxlinkWAF    ,http://202.120.163.99,,False,False,
45870,620,202.120.163.101,80,True,,low,500 - 内部服务器错误。,YxlinkWAF        ,http://202.120.163.101,,False,False,
45871,620,202.120.163.96,8080,True,,low,Apache Tomcat,YxlinkWAF        ,http://202.120.163.96:8080,,False,False,
45872,620,202.120.163.104,80,True,,low,,,,,False,False,
45873,620,202.120.163.106,80,True,,low,,,,,False,False,
45874,620,202.120.163.95,80,True,,low,,,,,False,False,
45875,620,202.120.163.109,3306,True,,medium,,,,,False,False,
45876,620,202.120.163.109,6379,True,,medium,,,,,False,False,
45877,620,202.120.163.110,3306,True,,medium,,,,,False,False,
45878,620,202.120.163.115,21,True,,medium,,,,,False,False,
45879,620,202.120.163.115,3306,True,,medium,,,,,False,False,
45880,620,202.120.163.118,21,True,,medium,,,,,False,False,
45881,620,202.120.163.115,80,True,,low,403 Forbidden,YxlinkWAF   ,http://202.120.163.115,,False,False,
45882,620,202.120.163.118,80,True,,low,空标题,YxlinkWAF            ,http://202.120.163.118,,False,False,
45883,620,202.120.163.111,80,True,,low,
	
        同济大学中国物流咨询与培训网
    
,YxlinkWAF        ,http://202.120.163.111,,False,False,
45884,620,202.120.163.119,80,True,,low,登录 - Dailab,YxlinkWAF        ,http://202.120.163.119,,False,False,
45885,620,202.120.163.107,80,True,,low,

,,http://202.120.163.107,,False,False,
45886,620,202.120.163.120,21,True,,medium,,,,,False,False,
45887,620,202.120.163.121,21,True,,medium,,,,,False,False,
45888,620,202.120.163.121,3306,True,,medium,,,,,False,False,
45889,620,202.120.163.122,3306,True,,medium,,,,,False,False,
45890,620,202.120.163.122,21,True,,medium,,,,,False,False,
45891,620,202.120.163.124,21,True,,medium,,,,8081:admin/123456,True,False,
45892,620,202.120.163.124,1521,True,,medium,,,,8081:admin/123456,True,False,
45893,620,202.120.163.125,3306,True,,medium,,,,,False,False,
45894,620,202.120.163.121,80,True,,low,403 Forbidden,YxlinkWAF   ,http://202.120.163.121,,False,False,
45895,620,202.120.163.122,80,True,,low,502 Bad Gateway,YxlinkWAF   ,http://202.120.163.122,,False,False,
45896,620,202.120.163.128,80,True,,low,空标题,YxlinkWAF            ,http://202.120.163.128,,False,False,
45897,620,202.120.163.125,80,True,,low,空标题,YxlinkWAF            ,http://202.120.163.125,,False,False,
45898,620,202.120.163.124,8081,True,,low,Research  Analysis System,None,http://202.120.163.124:8081,8081:admin/123456,True,False,
45899,620,202.120.163.120,80,True,,low,空标题,YxlinkWAF        ,http://202.120.163.120,,False,False,
45900,620,202.120.163.126,80,True,,low,Apache HTTP Server Test Page powered by CentOS,YxlinkWAF            ,http://202.120.163.126,,False,False,
45901,620,202.120.163.124,80,True,,low,IIS Windows Server,YxlinkWAF         ,http://202.120.163.124,8081:admin/123456,True,False,
45902,620,202.120.163.124,8080,True,,low,登录 [Jenkins],Jetty(9.4.42.v20210604),http://202.120.163.124:8080,8081:admin/123456,True,False,
45903,620,202.120.163.129,80,True,,low,IIS7,YxlinkWAF        ,http://202.120.163.129,,False,False,
45904,620,202.120.163.132,21,True,,medium,,,,,False,False,
45905,620,202.120.163.132,3306,True,,medium,,,,,False,False,
45906,620,202.120.163.135,21,True,,medium,,,,,False,False,
45907,620,202.120.163.137,21,True,,medium,,,,,False,False,
45908,620,202.120.163.135,80,True,,low,空标题,None,http://202.120.163.135,,False,False,
45909,620,202.120.163.135,8080,True,,low,Index,None,http://202.120.163.135:8080,,False,False,
45910,620,202.120.163.135,443,True,,low,空标题,None,https://202.120.163.135:443,,False,False,
45911,620,202.120.163.134,80,True,,low,GBCOURSE,YxlinkWAF   ,http://202.120.163.134,,False,False,
45912,620,202.120.163.134,8081,True,,low,GBCOURSE,None,http://202.120.163.134:8081,,False,False,
45913,620,202.120.163.134,8080,True,,low,GBCOURSE,None,http://202.120.163.134:8080,,False,False,
45914,620,202.120.163.135,8443,True,,low,Index,None,https://202.120.163.135:8443,,False,False,
45915,620,202.120.163.138,80,True,,low,空标题,YxlinkWAF                                       ,http://202.120.163.138,,False,False,
45916,620,202.120.163.132,80,True,,low,,,,,False,False,
45917,620,202.120.163.146,3306,True,,medium,,,,,False,False,
45918,620,202.120.163.150,21,True,,medium,,,,,False,False,
45919,620,202.120.163.152,1521,True,,medium,,,,,False,False,
45920,620,202.120.163.153,1433,True,,medium,,,,,False,False,
45921,620,202.120.163.145,80,True,,low,空标题,YxlinkWAF            ,http://202.120.163.145,,False,False,
45922,620,202.120.163.146,80,True,,low,没有找到站点,YxlinkWAF                                            ,http://202.120.163.146,,False,False,
45923,620,202.120.163.153,80,True,,low,空标题,YxlinkWAF            ,http://202.120.163.153,,False,False,
45924,620,202.120.163.148,80,True,,low,IIS7,YxlinkWAF        ,http://202.120.163.148,,False,False,
45925,620,202.120.163.153,8080,True,,low,登陆,YxlinkWAF        ,http://202.120.163.153:8080,,False,False,
45926,620,202.120.163.150,80,True,,low,空标题,YxlinkWAF        ,http://202.120.163.150,,False,False,
45927,620,202.120.163.146,443,True,,low,403 Forbidden,Apache/2.4.41 (Win64) LibreSSL/2.9.2 mod_fcgid/2.3.9a,https://202.120.163.146:443,,False,False,
45928,620,202.120.163.151,80,True,,low, 设施管理门户 FM-GATE ,YxlinkWAF        ,http://202.120.163.151,,False,False,
45929,620,202.120.163.147,80,True,,low,IIS7,YxlinkWAF        ,http://202.120.163.147,,False,False,
45930,620,202.120.163.157,80,True,,low,Welcome to nginx!,,http://202.120.163.157,,False,False,
45931,620,202.120.163.172,1521,True,,medium,,,,,False,False,
45932,620,202.120.163.172,3306,True,,medium,,,,,False,False,
45933,620,202.120.163.177,3306,True,,medium,,,,,False,False,
45934,620,202.120.163.178,21,True,,medium,,,,,False,False,
45935,620,202.120.163.174,80,True,,low,同济大学采购与招标管理办公室,YxlinkWAF        ,http://202.120.163.174,,False,False,
45936,620,202.120.163.180,80,True,,low,404 - 找不到文件或目录。,YxlinkWAF        ,http://202.120.163.180,,False,False,
45937,620,202.120.163.177,80,True,,low,404 - 找不到文件或目录。,YxlinkWAF        ,http://202.120.163.177,,False,False,
45938,620,202.120.163.172,80,True,,low,同济大学后勤管理平台--登录,None,http://202.120.163.172,,False,False,
45939,620,202.120.163.171,80,True,,low,同济大学后勤管理平台--登录,YxlinkWAF                          ,http://202.120.163.171,,False,False,
45940,620,202.120.163.173,80,True,,low,同济大学海洋沉积-范代读的个人空间,YxlinkWAF        ,http://202.120.163.173,,False,False,
45941,620,202.120.163.181,80,True,,low,空标题,YxlinkWAF        ,http://202.120.163.181,,False,False,
45942,620,202.120.163.179,80,True,,low,同济大学先进土木工程材料教育部重点实验室,YxlinkWAF        ,http://202.120.163.179,,False,False,
45943,620,202.120.163.175,80,True,,low,,,,,False,False,
45944,620,202.120.163.195,1521,True,,medium,,,,,False,False,
45945,620,202.120.163.208,1521,True,,medium,,,,,False,False,
45946,620,202.120.163.210,21,True,,medium,,,,,False,False,
45947,620,202.120.163.210,3306,True,,medium,,,,,False,False,
45948,620,202.120.163.215,21,True,,medium,,,,,False,False,
45949,620,202.120.163.215,3306,True,,medium,,,,,False,False,
45950,620,202.120.163.210,80,True,,low,空标题,YxlinkWAF            ,http://202.120.163.210,,False,False,
45951,620,202.120.163.213,80,True,,low,空标题,None,http://202.120.163.213,,False,False,
45952,620,202.120.163.212,80,True,,low,空标题,YxlinkWAF            ,http://202.120.163.212,,False,False,
45953,620,202.120.163.208,80,True,,low,空标题,None,http://202.120.163.208,,False,False,
45954,620,202.120.163.211,80,True,,low,空标题,YxlinkWAF        ,http://202.120.163.211,,False,False,
45955,620,202.120.163.209,8080,True,,low,物理实验创新设计平台,None,http://202.120.163.209:8080,,False,False,
45956,620,202.120.163.209,80,True,,low,创新试验列表,None,http://202.120.163.209,,False,False,
45957,620,202.120.163.209,443,True,,low,创新试验列表,None,https://202.120.163.209:443,,False,False,
45958,620,202.120.163.209,7001,True,,low,物理实验创新设计平台,None,http://202.120.163.209:7001,,False,False,
45959,620,202.120.163.215,80,True,,low,403 Forbidden,YxlinkWAF   ,http://202.120.163.215,,False,False,
45960,620,202.120.163.207,80,True,,low,仿真实验用户登录,YxlinkWAF        ,http://202.120.163.207,,False,False,
45961,620,202.120.163.213,8081,True,,low,,,,,False,False,
45962,620,202.120.163.219,3306,True,,medium,,,,,False,False,
45963,620,202.120.163.221,3306,True,,medium,,,,,False,False,
45964,620,202.120.163.219,5432,True,,medium,,,,,False,False,
45965,620,202.120.163.221,80,True,,low,,,,,False,False,
45966,620,202.120.163.221,443,True,,low,,,,,False,False,
45967,620,202.120.163.234,21,True,,medium,,,,,False,False,
45968,620,202.120.163.234,3306,True,,medium,,,,,False,False,
45969,620,202.120.163.235,21,True,,medium,,,,,False,False,
45970,620,202.120.163.238,21,True,,medium,,,,,False,False,
45971,620,202.120.163.239,21,True,,medium,,,,,False,False,
45972,620,202.120.163.240,1433,True,,medium,,,,,False,False,
45973,620,202.120.163.234,80,True,,low,403 Forbidden,YxlinkWAF  ,http://202.120.163.234,,False,False,
45974,620,202.120.163.238,80,True,,low,403 Forbidden,YxlinkWAF   ,http://202.120.163.238,,False,False,
45975,620,202.120.163.239,80,True,,low,403 Forbidden,YxlinkWAF   ,http://202.120.163.239,,False,False,
45976,620,202.120.163.235,80,True,,low,空标题,,http://202.120.163.235,,False,False,
45977,620,202.120.163.237,80,True,,low,空标题,YxlinkWAF        ,http://202.120.163.237,,False,False,
45978,620,202.120.163.234,8080,True,,low,wdCP云主机管理系统,None,http://202.120.163.234:8080,,False,False,
45979,620,202.120.163.233,80,True,,low,,,,,False,False,
45980,620,202.120.163.240,8080,True,,low,,,,,False,False,
45981,620,202.120.163.240,80,True,,low,,,,,False,False,
45982,620,202.120.163.245,21,True,,medium,,,,,False,False,
45983,620,202.120.163.244,1521,True,,medium,,,,,False,False,
45984,620,202.120.163.251,21,True,,medium,,,,,False,False,
45985,620,202.120.163.251,3306,True,,medium,,,,,False,False,
45986,620,202.120.163.252,3306,True,,medium,,,,,False,False,
45987,620,202.120.163.252,21,True,,medium,,,,,False,False,
45988,620,202.120.163.251,80,True,,low,403 Forbidden,Yxlink,http://202.120.163.251,,False,False,
45989,620,202.120.163.245,80,True,,low,多功能振动台信息化共享平台,,http://202.120.163.245,,False,False,
45990,620,202.120.163.250,80,True,,low,403 Forbidden,YxlinkWAF             ,http://202.120.163.250,,False,False,
45991,620,202.120.163.252,80,True,,low,登录考试系统,Yxlink,http://202.120.163.252,,False,False,
45992,620,202.120.164.6,1521,True,,medium,,,,,False,False,
45993,620,202.120.164.4,80,True,,low,空标题,,http://202.120.164.4,,False,False,
45994,620,202.120.164.8,80,True,,low,404 Not Found,,http://202.120.164.8,,False,False,
45995,620,202.120.164.4,443,True,,low,,,,,False,False,
45996,620,202.120.164.11,80,True,,low,404 Not Found,,http://202.120.164.11,,False,False,
45997,620,202.120.164.11,443,True,,low,404 Not Found,nginx,https://202.120.164.11:443,,False,False,
45998,620,202.120.164.8,443,True,,low,404 Not Found,nginx,https://202.120.164.8:443,,False,False,
45999,620,202.120.164.2,80,True,,low,,,,,False,False,
46000,620,202.120.164.4,8080,True,,low,,,,,False,False,
46001,620,202.120.164.16,1433,True,,medium,,,,,False,False,
46002,620,202.120.164.17,8080,True,,low,空标题,YxlinkWAF        ,http://202.120.164.17:8080,,False,False,
46003,620,202.120.164.17,443,True,,low,,,,,False,False,
46004,620,202.120.164.18,80,True,,low,同济大学安全知识教育与考试系统,YxlinkWAF   ,http://202.120.164.18,,False,False,
46005,620,202.120.164.16,443,True,,low,同济大学经济与管理学院 Blackboard Learn,None,https://202.120.164.16:443,,False,False,
46006,620,202.120.164.16,8081,True,,low,同济大学经济与管理学院 Blackboard Learn,None,http://202.120.164.16:8081,,False,False,
46007,620,202.120.164.16,80,True,,low,同济大学经济与管理学院 Blackboard Learn,None,http://202.120.164.16,,False,False,
46008,620,202.120.164.17,8081,True,,low,空标题,Apache-Coyote/1.1,http://202.120.164.17:8081,,False,False,
46009,620,202.120.164.30,5432,True,,medium,,,,,False,False,
46010,620,202.120.164.28,8080,True,,low,HTTP状态 404 - 未找到,None,http://202.120.164.28:8080,,False,False,
46011,620,202.120.164.35,8080,True,,low,空标题,YxlinkWAF        ,http://202.120.164.35:8080,,False,False,
46012,620,202.120.164.36,80,True,,low,空标题,YxlinkWAF                                                    ,http://202.120.164.36,,False,False,
46013,620,202.120.164.30,8080,True,,low,Apache Tomcat,YxlinkWAF        ,http://202.120.164.30:8080,,False,False,
46014,620,202.120.164.38,80,True,,low,403 Forbidden,YxlinkWAF       ,http://202.120.164.38,,False,False,
46015,620,202.120.164.29,8080,True,,low,Apache Tomcat,YxlinkWAF        ,http://202.120.164.29:8080,,False,False,
46016,620,202.120.164.30,8443,True,,low,Apache Tomcat,Apache-Coyote/1.1,https://202.120.164.30:8443,,False,False,
46017,620,202.120.164.28,8443,True,,low,HTTP状态 404 - 未找到,None,https://202.120.164.28:8443,,False,False,
46018,620,202.120.164.29,8443,True,,low,Apache Tomcat,Apache-Coyote/1.1,https://202.120.164.29:8443,,False,False,
46019,620,202.120.164.38,443,True,,low,403 Forbidden,VWebServer/6.0.0,https://202.120.164.38:443,,False,False,
46020,620,202.120.164.35,443,True,,low,空标题,Apache-Coyote/1.1,https://202.120.164.35:443,,False,False,
46021,620,202.120.164.27,8080,True,,low,,,,,False,False,
46022,620,202.120.164.33,80,True,,low,,,,,False,False,
46023,620,202.120.164.33,443,True,,low,,,,,False,False,
46024,620,202.120.164.27,8443,True,,low,,,,,False,False,
46025,620,202.120.164.49,8443,True,,low,Access Manager,None,https://202.120.164.49:8443,,False,False,
46026,620,202.120.164.61,3306,True,,medium,,,,,False,False,
46027,620,202.120.164.61,6379,True,,medium,,,,,False,False,
46028,620,202.120.164.60,443,True,,low,同济大学电子邮件系统,nginx,https://202.120.164.60:443,,False,False,
46029,620,202.120.164.60,80,True,,low,同济大学电子邮件系统,nginx,http://202.120.164.60,,False,False,
46030,620,202.120.164.54,80,True,,low,

,YxlinkWAF        ,http://202.120.164.54,,False,False,
46031,620,202.120.164.57,80,True,,low,同济大学资产与实验室管理处,YxlinkWAF         ,http://202.120.164.57,,False,False,
46032,620,202.120.164.70,80,True,,low,登录 · GitLab,,http://202.120.164.70,,False,False,
46033,620,202.120.164.74,80,True,,low,,,,,False,False,
46034,620,202.120.164.74,443,True,,low,,,,,False,False,
46035,620,202.120.164.79,80,True,,low,空标题,YxlinkWAF            ,http://202.120.164.79,,False,False,
46036,620,202.120.164.101,8081,True,,low,Nexus Repository Manager,Nexus/3.14.0-04 (OSS),http://202.120.164.101:8081,,False,False,
46037,620,202.120.164.101,80,True,,low,Harbor,YxlinkWAF   ,http://202.120.164.101,,False,False,
46038,620,202.120.164.115,3306,True,,medium,,,,,False,False,
46039,620,202.120.164.115,6379,True,,medium,,,,,False,False,
46040,620,202.120.164.119,3306,True,,medium,,,,,False,False,
46041,620,202.120.164.115,8080,True,,low,HTTP状态 404 - 未找到,None,http://202.120.164.115:8080,,False,False,
46042,620,202.120.164.118,80,True,,low,ITOMCRM,YxlinkWAF   ,http://202.120.164.118,,False,False,
46043,620,202.120.164.115,8081,True,,low,抱歉，请求出现了问题 ！,None,http://202.120.164.115:8081,,False,False,
46044,620,202.120.164.115,80,True,,low,抱歉，请求出现了问题 ！,None,http://202.120.164.115,,False,False,
46045,620,202.120.164.116,80,True,,low,JumpServer,,http://202.120.164.116,,False,False,
46046,620,202.120.164.117,80,True,,low,Index of /,YxlinkWAF   ,http://202.120.164.117,,False,False,
46047,620,202.120.164.115,443,True,,low,抱歉，请求出现了问题 ！,None,https://202.120.164.115:443,,False,False,
46048,620,202.120.164.113,8443,True,,low,HTTP状态 404 - 未找到,None,https://202.120.164.113:8443,,False,False,
46049,620,202.120.164.118,443,True,,low,测试,nginx/1.18.0,https://202.120.164.118:443,,False,False,
46050,620,202.120.164.116,8443,True,,low,JumpServer,nginx,https://202.120.164.116:8443,,False,False,
46051,620,202.120.164.118,8080,True,,low,Swagger-Bootstrap-UI,None,http://202.120.164.118:8080,,False,False,
46052,620,202.120.164.160,8081,True,,low,空标题,None,http://202.120.164.160:8081,,False,False,
46053,620,202.120.164.160,8080,True,,low,Apache Tomcat/7.0.88,YxlinkWAF        ,http://202.120.164.160:8080,,False,False,
46054,620,202.120.164.160,443,True,,low,邮箱注册,nginx/1.8.1,https://202.120.164.160:443,,False,False,
46055,620,202.120.164.161,443,True,,low,同济大学电子邮件系统,nginx,https://202.120.164.161:443,,False,False,
46056,620,202.120.164.162,443,True,,low,同济大学电子邮件系统,nginx,https://202.120.164.162:443,,False,False,
46057,620,202.120.164.163,443,True,,low,同济大学电子邮件系统,nginx,https://202.120.164.163:443,,False,False,
46058,620,202.120.164.160,80,True,,low,邮箱注册,nginx/1.8.1,http://202.120.164.160,,False,False,
46059,620,202.120.164.163,80,True,,low,同济大学电子邮件系统,nginx,http://202.120.164.163,,False,False,
46060,620,202.120.164.162,80,True,,low,同济大学电子邮件系统,nginx,http://202.120.164.162,,False,False,
46061,620,202.120.164.161,80,True,,low,同济大学电子邮件系统,nginx,http://202.120.164.161,,False,False,
46062,620,202.120.164.159,80,True,,low,Home Page,YxlinkWAF        ,http://202.120.164.159,,False,False,
46063,620,202.120.164.170,443,True,,low,同济大学电子邮件系统,nginx,https://202.120.164.170:443,,False,False,
46064,620,202.120.164.171,443,True,,low,同济大学电子邮件系统,nginx,https://202.120.164.171:443,,False,False,
46065,620,202.120.164.172,443,True,,low,同济大学电子邮件系统,nginx,https://202.120.164.172:443,,False,False,
46066,620,202.120.164.171,80,True,,low,同济大学电子邮件系统,nginx,http://202.120.164.171,,False,False,
46067,620,202.120.164.170,80,True,,low,同济大学电子邮件系统,nginx,http://202.120.164.170,,False,False,
46068,620,202.120.164.172,80,True,,low,同济大学电子邮件系统,nginx,http://202.120.164.172,,False,False,
46069,620,202.120.164.187,8080,True,,low,Apache Tomcat/8.5.51,None,http://202.120.164.187:8080,,False,False,
46070,620,202.120.164.203,80,True,,low,,,,,False,False,
46071,620,202.120.164.249,21,True,,medium,,,,,False,False,
46072,620,202.120.164.249,80,True,,low,OpenWrt - LuCI,None,http://202.120.164.249,,False,False,
46073,620,202.120.165.5,21,True,,medium,,,,,False,False,
46074,620,202.120.165.5,3306,True,,medium,,,,,False,False,
46075,620,202.120.165.5,6379,True,,medium,,,,,False,False,
46076,620,202.120.165.6,3306,True,,medium,,,,,False,False,
46077,620,202.120.165.6,21,True,,medium,,,,,False,False,
46078,620,202.120.165.5,80,True,,low,首页,YxlinkWAF        ,http://202.120.165.5,,False,False,
46079,620,202.120.165.5,8080,True,,low,智能访客管理系统_用户登录,YxlinkWAF   ,http://202.120.165.5:8080,,False,False,
46080,620,202.120.165.4,80,True,,low,运行时错误,YxlinkWAF         ,http://202.120.165.4,,False,False,
46081,620,202.120.165.6,80,True,,low,
	Login
,YxlinkWAF        ,http://202.120.165.6,,False,False,
46082,620,202.120.165.2,80,True,,low,,,,,False,False,
46083,620,202.120.165.8,21,True,,medium,,,,,False,False,
46084,620,202.120.165.8,3306,True,,medium,,,,,False,False,
46085,620,202.120.165.8,1433,True,,medium,,,,,False,False,
46086,620,202.120.165.9,1433,True,,medium,,,,,False,False,
46087,620,202.120.165.13,3306,True,,medium,,,,,False,False,
46088,620,202.120.165.10,80,True,,low,IIS7,YxlinkWAF        ,http://202.120.165.10,,False,False,
46089,620,202.120.165.13,80,True,,low,数据库错误,YxlinkWAF                       ,http://202.120.165.13,,False,False,
46090,620,202.120.165.8,80,True,,low,同济大学MBA项目官方网站,YxlinkWAF                       ,http://202.120.165.8,,False,False,
46091,620,202.120.165.12,443,True,,low,DELL IDAR登录,Apache,https://202.120.165.12:443,,False,False,
46092,620,202.120.165.11,80,True,,low,空标题,YxlinkWAF            ,http://202.120.165.11,,False,False,
46093,620,202.120.165.12,80,True,,low,DELL IDAR登录,Apache,http://202.120.165.12,,False,False,
46094,620,202.120.165.9,80,True,,low,,,,,False,False,
46095,620,202.120.165.25,2049,True,,high,,,,,False,False,
46096,620,202.120.165.28,21,True,,medium,,,,,False,False,
46097,620,202.120.165.27,80,True,,low,,,,,False,False,
46098,620,202.120.165.25,80,True,,low,,,,,False,False,
46099,620,202.120.165.40,80,True,,low,Plasmonic Metamaterials - Home,YxlinkWAF        ,http://202.120.165.40,,False,False,
46100,620,202.120.165.50,1433,True,,medium,,,,,False,False,
46101,620,202.120.165.49,1433,True,,medium,,,,,False,False,
46102,620,202.120.165.57,21,True,,medium,,,,,False,False,
46103,620,202.120.165.47,8080,True,,low,400 The plain HTTP request was sent to HTTPS port,YxlinkWAF     ,http://202.120.165.47:8080,,False,False,
46104,620,202.120.165.56,80,True,,low,空标题,YxlinkWAF            ,http://202.120.165.56,,False,False,
46105,620,202.120.165.57,80,True,,low,PHPnow Works!,YxlinkWAF                       ,http://202.120.165.57,,False,False,
46106,620,202.120.165.52,443,True,,low,
    
      同济大学开源镜像
    
  ,nginx/1.10.3 (Ubuntu),https://202.120.165.52:443,,False,False,
46107,620,202.120.165.52,80,True,,low,
    
      同济大学开源镜像
    
  ,none,http://202.120.165.52,,False,False,
46108,620,202.120.165.49,80,True,,low,空标题,YxlinkWAF        ,http://202.120.165.49,,False,False,
46109,620,202.120.165.47,443,True,,low,空标题,None,https://202.120.165.47:443,,False,False,
46110,620,202.120.165.47,80,True,,low,空标题,None,http://202.120.165.47,,False,False,
46111,620,202.120.165.57,3306,True,,medium,,,,,False,False,
46112,620,202.120.165.58,21,True,,medium,,,,,False,False,
46113,620,202.120.165.59,21,True,,medium,,,,,False,False,
46114,620,202.120.165.60,21,True,,medium,,,,,False,False,
46115,620,202.120.165.59,5432,True,,medium,,,,,False,False,
46116,620,202.120.165.60,3306,True,,medium,,,,,False,False,
46117,620,202.120.165.66,21,True,,medium,,,,,False,False,
46118,620,202.120.165.58,80,True,,low,空标题,None,http://202.120.165.58,,False,False,
46119,620,202.120.165.59,80,True,,low,403 Forbidden,YxlinkWAF             ,http://202.120.165.59,,False,False,
46120,620,202.120.165.66,80,True,,low,空标题,YxlinkWAF            ,http://202.120.165.66,,False,False,
46121,620,202.120.165.68,80,True,,low,403 Forbidden,YxlinkWAF                       ,http://202.120.165.68,,False,False,
46122,620,202.120.165.69,80,True,,low,空标题,YxlinkWAF  ,http://202.120.165.69,,False,False,
46123,620,202.120.165.62,8081,True,,low,市场营销综合实验室,Apache-Coyote/1.1,http://202.120.165.62:8081,,False,False,
46124,620,202.120.165.67,80,True,,low,同济大学廖少明教授科研团队欢迎您！,YxlinkWAF        ,http://202.120.165.67,,False,False,
46125,620,202.120.165.62,80,True,,low,建设中,YxlinkWAF        ,http://202.120.165.62,,False,False,
46126,620,202.120.165.72,3306,True,,medium,,,,,False,False,
46127,620,202.120.165.73,80,True,,low,空标题,YxlinkWAF   ,http://202.120.165.73,,False,False,
46128,620,202.120.165.72,80,True,,low,振动与控制研究室,YxlinkWAF         ,http://202.120.165.72,,False,False,
46129,620,202.120.165.74,443,True,,low,401 Unauthorized,Apache,https://202.120.165.74:443,,False,False,
46130,620,202.120.165.75,80,True,,low,IIS Windows Server,YxlinkWAF         ,http://202.120.165.75,,False,False,
46131,620,202.120.165.75,443,True,,low,IIS Windows Server,Microsoft-IIS/10.0,https://202.120.165.75:443,,False,False,
46132,620,202.120.165.76,80,True,,low,IIS Windows Server,YxlinkWAF         ,http://202.120.165.76,,False,False,
46133,620,202.120.165.70,443,True,,low,空标题,XCC Web Server,https://202.120.165.70:443,,False,False,
46134,620,202.120.165.70,80,True,,low,空标题,XCC Web Server,http://202.120.165.70,,False,False,
46135,620,202.120.165.76,443,True,,low,IIS Windows Server,Microsoft-IIS/10.0,https://202.120.165.76:443,,False,False,
46136,620,202.120.165.74,80,True,,low,登录,YxlinkWAF        ,http://202.120.165.74,,False,False,
46137,620,202.120.165.88,21,True,,medium,,,,,False,False,
46138,620,202.120.165.87,3306,True,,medium,,,,,False,False,
46139,620,202.120.165.92,5432,True,,medium,,,,,False,False,
46140,620,202.120.165.83,80,True,,low,空标题,None,http://202.120.165.83,,False,False,
46141,620,202.120.165.90,80,True,,low,Login,,http://202.120.165.90,,False,False,
46142,620,202.120.165.83,8080,True,,low,Apache Tomcat,YxlinkWAF        ,http://202.120.165.83:8080,,False,False,
46143,620,202.120.165.92,80,True,,low,
		Nextcloud		,Yxlink,http://202.120.165.92,,False,False,
46144,620,202.120.165.104,1521,True,,medium,,,,,False,False,
46145,620,202.120.165.102,8080,True,,low,空标题,YxlinkWAF             ,http://202.120.165.102:8080,,False,False,
46146,620,202.120.165.103,8080,True,,low,,,,,False,False,
46147,620,202.120.165.103,80,True,,low,,,,,False,False,
46148,620,202.120.165.111,80,True,,low,Apache2 Ubuntu Default Page: It works,YxlinkWAF             ,http://202.120.165.111,,False,False,
46149,620,202.120.165.115,80,True,,low,空标题,,http://202.120.165.115,,False,False,
46150,620,202.120.165.114,7001,True,,low,,,,,False,False,
46151,620,202.120.165.116,8081,True,,low,空标题,None,http://202.120.165.116:8081,,False,False,
46152,620,202.120.165.116,80,True,,low,Welcome to CentOS,YxlinkWAF   ,http://202.120.165.116,,False,False,
46153,620,202.120.165.114,8080,True,,low,403 - 禁止访问: 访问被拒绝。,YxlinkWAF        ,http://202.120.165.114:8080,,False,False,
46154,620,202.120.165.114,80,True,,low,,,,,False,False,
46155,620,202.120.165.126,3306,True,,medium,,,,,False,False,
46156,620,202.120.165.130,80,True,,low,404 Not Found,None,http://202.120.165.130,,False,False,
46157,620,202.120.165.121,80,True,,low,IIS Windows Server,YxlinkWAF         ,http://202.120.165.121,,False,False,
46158,620,202.120.165.120,80,True,,low,IIS Windows Server,YxlinkWAF         ,http://202.120.165.120,,False,False,
46159,620,202.120.165.126,80,True,,low,Welcome to nginx!,YxlinkWAF   ,http://202.120.165.126,,False,False,
46160,620,202.120.165.129,7001,True,,low,404 Not Found,nginx/1.17.10,http://202.120.165.129:7001,,False,False,
46161,620,202.120.165.129,8081,True,,low,,,,,False,False,
46162,620,202.120.165.120,443,True,,low,IIS Windows Server,Microsoft-IIS/10.0,https://202.120.165.120:443,,False,False,
46163,620,202.120.165.130,443,True,,low,404 Not Found,None,https://202.120.165.130:443,,False,False,
46164,620,202.120.165.121,443,True,,low,IIS Windows Server,Microsoft-IIS/10.0,https://202.120.165.121:443,,False,False,
46165,620,202.120.165.122,80,True,,low,IIS Windows Server,YxlinkWAF         ,http://202.120.165.122,,False,False,
46166,620,202.120.165.122,443,True,,low,IIS Windows Server,Microsoft-IIS/10.0,https://202.120.165.122:443,,False,False,
46167,620,202.120.165.135,2049,True,,high,,,,,False,False,
46168,620,202.120.165.200,1433,True,,medium,,,,,False,False,
46169,620,202.120.165.200,80,True,,low,空标题,YxlinkWAF            ,http://202.120.165.200,,False,False,
46170,620,202.120.166.1,80,True,,low,Coremail Batchsend System - Administration Login,YxlinkWAF        ,http://202.120.166.1,,False,False,
46171,620,202.120.166.1,3306,True,,medium,,,,,False,False,
46172,620,202.120.166.2,3306,True,,medium,,,,,False,False,
46173,620,202.120.166.4,3306,True,,medium,,,,,False,False,
46174,620,202.120.166.3,3306,True,,medium,,,,,False,False,
46175,620,202.120.166.5,3306,True,,medium,,,,,False,False,
46176,620,202.120.166.6,3306,True,,medium,,,,,False,False,
46177,620,202.120.166.7,3306,True,,medium,,,,,False,False,
46178,620,202.120.166.8,3306,True,,medium,,,,,False,False,
46179,620,202.120.166.9,3306,True,,medium,,,,,False,False,
46180,620,202.120.166.10,3306,True,,medium,,,,,False,False,
46181,620,202.120.166.11,3306,True,,medium,,,,,False,False,
46182,620,202.120.166.12,3306,True,,medium,,,,,False,False,
46183,620,202.120.166.13,3306,True,,medium,,,,,False,False,
46184,620,202.120.166.5,80,True,,low,Coremail Batchsend System - Administration Login,YxlinkWAF        ,http://202.120.166.5,,False,False,
46185,620,202.120.166.2,80,True,,low,Coremail Batchsend System - Administration Login,YxlinkWAF        ,http://202.120.166.2,,False,False,
46186,620,202.120.166.3,80,True,,low,Coremail Batchsend System - Administration Login,YxlinkWAF        ,http://202.120.166.3,,False,False,
46187,620,202.120.166.10,80,True,,low,Coremail Batchsend System - Administration Login,YxlinkWAF        ,http://202.120.166.10,,False,False,
46188,620,202.120.166.9,80,True,,low,Coremail Batchsend System - Administration Login,YxlinkWAF        ,http://202.120.166.9,,False,False,
46189,620,202.120.166.6,80,True,,low,Coremail Batchsend System - Administration Login,YxlinkWAF        ,http://202.120.166.6,,False,False,
46190,620,202.120.166.7,80,True,,low,Coremail Batchsend System - Administration Login,YxlinkWAF        ,http://202.120.166.7,,False,False,
46191,620,202.120.166.8,80,True,,low,Coremail Batchsend System - Administration Login,YxlinkWAF        ,http://202.120.166.8,,False,False,
46192,620,202.120.166.11,80,True,,low,Coremail Batchsend System - Administration Login,YxlinkWAF        ,http://202.120.166.11,,False,False,
46193,620,202.120.166.12,80,True,,low,Coremail Batchsend System - Administration Login,YxlinkWAF        ,http://202.120.166.12,,False,False,
46194,620,202.120.166.13,80,True,,low,Coremail Batchsend System - Administration Login,YxlinkWAF        ,http://202.120.166.13,,False,False,
46195,620,202.120.166.4,80,True,,low,Coremail Batchsend System - Administration Login,YxlinkWAF        ,http://202.120.166.4,,False,False,
46196,620,202.120.166.14,3306,True,,medium,,,,,False,False,
46197,620,202.120.166.15,3306,True,,medium,,,,,False,False,
46198,620,202.120.166.16,3306,True,,medium,,,,,False,False,
46199,620,202.120.166.17,3306,True,,medium,,,,,False,False,
46200,620,202.120.166.18,3306,True,,medium,,,,,False,False,
46201,620,202.120.166.19,3306,True,,medium,,,,,False,False,
46202,620,202.120.166.20,3306,True,,medium,,,,,False,False,
46203,620,202.120.166.21,3306,True,,medium,,,,,False,False,
46204,620,202.120.166.22,3306,True,,medium,,,,,False,False,
46205,620,202.120.166.23,3306,True,,medium,,,,,False,False,
46206,620,202.120.166.24,3306,True,,medium,,,,,False,False,
46207,620,202.120.166.25,3306,True,,medium,,,,,False,False,
46208,620,202.120.166.15,80,True,,low,Coremail Batchsend System - Administration Login,YxlinkWAF        ,http://202.120.166.15,,False,False,
46209,620,202.120.166.17,80,True,,low,Coremail Batchsend System - Administration Login,YxlinkWAF        ,http://202.120.166.17,,False,False,
46210,620,202.120.166.16,80,True,,low,Coremail Batchsend System - Administration Login,YxlinkWAF        ,http://202.120.166.16,,False,False,
46211,620,202.120.166.19,80,True,,low,Coremail Batchsend System - Administration Login,YxlinkWAF        ,http://202.120.166.19,,False,False,
46212,620,202.120.166.14,80,True,,low,Coremail Batchsend System - Administration Login,YxlinkWAF        ,http://202.120.166.14,,False,False,
46213,620,202.120.166.18,80,True,,low,Coremail Batchsend System - Administration Login,YxlinkWAF        ,http://202.120.166.18,,False,False,
46214,620,202.120.166.21,80,True,,low,Coremail Batchsend System - Administration Login,YxlinkWAF        ,http://202.120.166.21,,False,False,
46215,620,202.120.166.23,80,True,,low,Coremail Batchsend System - Administration Login,YxlinkWAF        ,http://202.120.166.23,,False,False,
46216,620,202.120.166.20,80,True,,low,Coremail Batchsend System - Administration Login,YxlinkWAF        ,http://202.120.166.20,,False,False,
46217,620,202.120.166.24,80,True,,low,Coremail Batchsend System - Administration Login,YxlinkWAF        ,http://202.120.166.24,,False,False,
46218,620,202.120.166.25,80,True,,low,Coremail Batchsend System - Administration Login,YxlinkWAF        ,http://202.120.166.25,,False,False,
46219,620,202.120.166.22,80,True,,low,Coremail Batchsend System - Administration Login,YxlinkWAF        ,http://202.120.166.22,,False,False,
46220,620,202.120.166.26,80,True,,low,Coremail Batchsend System - Administration Login,YxlinkWAF        ,http://202.120.166.26,,False,False,
46221,620,202.120.166.26,3306,True,,medium,,,,,False,False,
46222,620,202.120.166.27,3306,True,,medium,,,,,False,False,
46223,620,202.120.166.28,3306,True,,medium,,,,,False,False,
46224,620,202.120.166.29,3306,True,,medium,,,,,False,False,
46225,620,202.120.166.30,3306,True,,medium,,,,,False,False,
46226,620,202.120.166.31,3306,True,,medium,,,,,False,False,
46227,620,202.120.166.32,3306,True,,medium,,,,,False,False,
46228,620,202.120.166.27,80,True,,low,Coremail Batchsend System - Administration Login,YxlinkWAF        ,http://202.120.166.27,,False,False,
46229,620,202.120.166.31,80,True,,low,Coremail Batchsend System - Administration Login,YxlinkWAF        ,http://202.120.166.31,,False,False,
46230,620,202.120.166.32,80,True,,low,Coremail Batchsend System - Administration Login,YxlinkWAF        ,http://202.120.166.32,,False,False,
46231,620,202.120.166.29,80,True,,low,Coremail Batchsend System - Administration Login,YxlinkWAF        ,http://202.120.166.29,,False,False,
46232,620,202.120.166.30,80,True,,low,Coremail Batchsend System - Administration Login,YxlinkWAF        ,http://202.120.166.30,,False,False,
46233,620,202.120.166.28,80,True,,low,Coremail Batchsend System - Administration Login,YxlinkWAF        ,http://202.120.166.28,,False,False,
46234,620,202.120.166.34,80,True,,low,,,,,False,False,
46235,620,202.120.166.35,80,True,,low,,,,,False,False,
46236,620,202.120.166.37,80,True,,low,,,,,False,False,
46237,620,202.120.166.38,80,True,,low,403 Forbidden,,http://202.120.166.38,,False,False,
46238,620,202.120.166.36,80,True,,low,,,,,False,False,
46239,620,202.120.166.34,443,True,,low,,,,,False,False,
46240,620,202.120.166.36,443,True,,low,,,,,False,False,
46241,620,202.120.166.37,443,True,,low,,,,,False,False,
46242,620,202.120.166.35,443,True,,low,,,,,False,False,
46243,620,202.120.166.33,80,True,,low,IBM HTTP Server,YxlinkWAF      ,http://202.120.166.33,,False,False,
46244,620,202.120.166.47,21,True,,medium,,,,,False,False,
46245,620,202.120.166.48,21,True,,medium,,,,,False,False,
46246,620,202.120.166.39,80,True,,low,403 Forbidden,,http://202.120.166.39,,False,False,
46247,620,202.120.166.47,80,True,,low,2017上海市计算机大赛-同济大学web作品,YxlinkWAF        ,http://202.120.166.47,,False,False,
46248,620,202.120.166.42,80,True,,low,IIS7,YxlinkWAF        ,http://202.120.166.42,,False,False,
46249,620,202.120.166.48,8081,True,,low,400 The plain HTTP request was sent to HTTPS port,nginx,http://202.120.166.48:8081,,False,False,
46250,620,202.120.166.48,443,True,,low,Login,Apache,https://202.120.166.48:443,,False,False,
46251,620,202.120.166.48,80,True,,low,Login,Apache,http://202.120.166.48,,False,False,
46252,620,202.120.166.48,8080,True,,low,空标题,,http://202.120.166.48:8080,,False,False,
46253,620,202.120.166.56,8080,True,,low,Apache Tomcat,YxlinkWAF        ,http://202.120.166.56:8080,,False,False,
46254,620,202.120.166.61,8080,True,,low,空标题,None,http://202.120.166.61:8080,,False,False,
46255,620,202.120.166.56,8443,True,,low,Apache Tomcat,Apache-Coyote/1.1,https://202.120.166.56:8443,,False,False,
46256,620,202.120.166.58,8080,True,,low,空标题,None,http://202.120.166.58:8080,,False,False,
46257,620,202.120.166.56,443,True,,low,NetIQ Privileged Account Manager,None,https://202.120.166.56:443,,False,False,
46258,620,202.120.166.61,8443,True,,low,空标题,None,https://202.120.166.61:8443,,False,False,
46259,620,202.120.166.58,8443,True,,low,空标题,None,https://202.120.166.58:8443,,False,False,
46260,620,202.120.166.70,443,True,,low," + ID_VC_Welcome + ",None,https://202.120.166.70:443,,False,False,
46261,620,202.120.166.70,80,True,,low," + ID_VC_Welcome + ",None,http://202.120.166.70,,False,False,
46262,620,202.120.167.3,21,True,,medium,,,,,False,False,
46263,620,202.120.167.2,3306,True,,medium,,,,,False,False,
46264,620,202.120.167.4,3306,True,,medium,,,,,False,False,
46265,620,202.120.167.3,80,True,,low,空标题,YxlinkWAF            ,http://202.120.167.3,,False,False,
46266,620,202.120.167.7,80,True,,low,空标题,YxlinkWAF        ,http://202.120.167.7,,False,False,
46267,620,202.120.167.6,80,True,,low,空标题,YxlinkWAF             ,http://202.120.167.6,,False,False,
46268,620,202.120.167.1,80,True,,low,,,,,False,False,
46269,620,202.120.167.6,443,True,,low,,,,,False,False,
46270,620,202.120.167.14,21,True,,medium,,,,,False,False,
46271,620,202.120.167.14,3306,True,,medium,,,,,False,False,
46272,620,202.120.167.17,21,True,,medium,,,,,False,False,
46273,620,202.120.167.17,3306,True,,medium,,,,,False,False,
46274,620,202.120.167.18,21,True,,medium,,,,,False,False,
46275,620,202.120.167.18,3306,True,,medium,,,,,False,False,
46276,620,202.120.167.20,21,True,,medium,,,,,False,False,
46277,620,202.120.167.13,80,True,,low,空标题,YxlinkWAF            ,http://202.120.167.13,,False,False,
46278,620,202.120.167.17,80,True,,low,403 Forbidden,Yxlink,http://202.120.167.17,,False,False,
46279,620,202.120.167.19,8080,True,,low,空标题,YxlinkWAF        ,http://202.120.167.19:8080,,False,False,
46280,620,202.120.167.14,80,True,,low,空标题,YxlinkWAF   ,http://202.120.167.14,,False,False,
46281,620,202.120.167.16,80,True,,low,本科教育基本状态数据库系统,YxlinkWAF        ,http://202.120.167.16,,False,False,
46282,620,202.120.167.20,80,True,,low,IIS7,YxlinkWAF        ,http://202.120.167.20,,False,False,
46283,620,202.120.167.18,80,True,,low,Demo,Yxlink,http://202.120.167.18,,False,False,
46284,620,202.120.167.18,443,True,,low,Demo,nginx/1.8.0,https://202.120.167.18:443,,False,False,
46285,620,202.120.167.19,80,True,,low,空标题,None,http://202.120.167.19,,False,False,
46286,620,202.120.167.24,3306,True,,medium,,,,,False,False,
46287,620,202.120.167.30,21,True,,medium,,,,,False,False,
46288,620,202.120.167.31,21,True,,medium,,,,,False,False,
46289,620,202.120.167.30,80,True,,low,
	同济大学出国培训学院暨留德预备部
,YxlinkWAF        ,http://202.120.167.30,,False,False,
46290,620,202.120.167.31,80,True,,low,同济大学武装部,Yxlink,http://202.120.167.31,,False,False,
46291,620,202.120.167.33,21,True,,medium,,,,,False,False,
46292,620,202.120.167.33,3306,True,,medium,,,,,False,False,
46293,620,202.120.167.33,1433,True,,medium,,,,,False,False,
46294,620,202.120.167.35,21,True,,medium,,,,,False,False,
46295,620,202.120.167.39,21,True,,medium,,,,,False,False,
46296,620,202.120.167.39,3306,True,,medium,,,,,False,False,
46297,620,202.120.167.41,3306,True,,medium,,,,,False,False,
46298,620,202.120.167.36,80,True,,low,502 Bad Gateway,YxlinkWAF   ,http://202.120.167.36,,False,False,
46299,620,202.120.167.35,80,True,,low,同济大学民航实验室,YxlinkWAF   ,http://202.120.167.35,,False,False,
46300,620,202.120.167.33,8080,True,,low,Home - ICIC 2020,YxlinkWAF        ,http://202.120.167.33:8080,,False,False,
46301,620,202.120.167.42,80,True,,low,首页 | 同济大学车辆控制与网络化实验室,YxlinkWAF        ,http://202.120.167.42,,False,False,
46302,620,202.120.167.33,443,True,,low,同济大学智能计算与生物信息学研讨会,Apache/2.4.23 (Win32) OpenSSL/1.0.2h PHP/5.6.35,https://202.120.167.33:443,,False,False,
46303,620,202.120.167.34,80,True,,low,Minimal Django File Upload Example,WSGIServer/0.2 CPython/3.6.2,http://202.120.167.34,,False,False,
46304,620,202.120.167.33,80,True,,low,PDF自动生成,YxlinkWAF                                      ,http://202.120.167.33,,False,False,
46305,620,202.120.167.39,80,True,,low,登录-A8云系统,YxlinkWAF        ,http://202.120.167.39,,False,False,
46306,620,202.120.167.50,5432,True,,medium,,,,,False,False,
46307,620,202.120.167.49,8080,True,,low,,,,,False,False,
46308,620,202.120.167.48,80,True,,low,403 Forbidden,YxlinkWAF   ,http://202.120.167.48,,False,False,
46309,620,202.120.167.50,8080,True,,low,Apache Tomcat/8.5.29,None,http://202.120.167.50:8080,,False,False,
46310,620,202.120.167.54,80,True,,low,首页,WSGIServer/0.1 Python/2.7.18,http://202.120.167.54,,False,False,
46311,620,202.120.167.49,80,True,,low,JiangLab,YxlinkWAF             ,http://202.120.167.49,,False,False,
46312,620,202.120.167.63,21,True,,medium,,,,,False,False,
46313,620,202.120.167.63,3306,True,,medium,,,,,False,False,
46314,620,202.120.167.65,21,True,,medium,,,,,False,False,
46315,620,202.120.167.66,1521,True,,medium,,,,,False,False,
46316,620,202.120.167.70,21,True,,medium,,,,,False,False,
46317,620,202.120.167.68,80,True,,low,403 Forbidden,Yxlink,http://202.120.167.68,,False,False,
46318,620,202.120.167.67,80,True,,low,空标题,YxlinkWAF        ,http://202.120.167.67,,False,False,
46319,620,202.120.167.63,80,True,,low,403 - 禁止访问: 访问被拒绝。,YxlinkWAF        ,http://202.120.167.63,,False,False,
46320,620,202.120.167.65,443,True,,low,教学与综合信息管理平台,Apache-Coyote/1.1,https://202.120.167.65:443,,False,False,
46321,620,202.120.167.65,80,True,,low,教学与综合信息管理平台,Apache-Coyote/1.1,http://202.120.167.65,,False,False,
46322,620,202.120.167.70,3306,True,,medium,,,,,False,False,
46323,620,202.120.167.72,21,True,,medium,,,,,False,False,
46324,620,202.120.167.72,6379,True,,medium,,,,,False,False,
46325,620,202.120.167.72,3306,True,,medium,,,,,False,False,
46326,620,202.120.167.73,1433,True,,medium,,,,,False,False,
46327,620,202.120.167.76,21,True,,medium,,,,,False,False,
46328,620,202.120.167.77,1521,True,,medium,,,,,False,False,
46329,620,202.120.167.79,3306,True,,medium,,,,,False,False,
46330,620,202.120.167.76,8080,True,,low,空标题,None,http://202.120.167.76:8080,,False,False,
46331,620,202.120.167.73,80,True,,low,同济大学国际交流学院 教学管理系统,YxlinkWAF        ,http://202.120.167.73,,False,False,
46332,620,202.120.167.76,80,True,,low,空标题,YxlinkWAF   ,http://202.120.167.76,,False,False,
46333,620,202.120.167.71,80,True,,low,空标题,YxlinkWAF        ,http://202.120.167.71,,False,False,
46334,620,202.120.167.74,80,True,,low,同济大学 通识课教学管理系统,YxlinkWAF        ,http://202.120.167.74,,False,False,
46335,620,202.120.167.82,80,True,,low,同济大学计算机基础教研室,YxlinkWAF         ,http://202.120.167.82,,False,False,
46336,620,202.120.167.76,443,True,,low,400 No required SSL certificate was sent,nginx/1.17.4,https://202.120.167.76:443,,False,False,
46337,620,202.120.167.72,80,True,,low,土木工程教学管理,YxlinkWAF    ,http://202.120.167.72,,False,False,
46338,620,202.120.167.76,8443,True,,low,,,,,False,False,
46339,620,202.120.167.79,443,True,,low,Access forbidden!,Apache/2.4.23 (Win32) OpenSSL/1.0.2h PHP/5.6.28,https://202.120.167.79:443,,False,False,
46340,620,202.120.167.79,80,True,,low,BISL Group,YxlinkWAF                                      ,http://202.120.167.79,,False,False,
46341,620,202.120.167.83,21,True,,medium,,,,,False,False,
46342,620,202.120.167.83,1433,True,,medium,,,,,False,False,
46343,620,202.120.167.90,5432,True,,medium,,,,,False,False,
46344,620,202.120.167.94,3306,True,,medium,,,,,False,False,
46345,620,202.120.167.83,80,True,,low,空标题,YxlinkWAF            ,http://202.120.167.83,,False,False,
46346,620,202.120.167.92,80,True,,low,Apache HTTP Server Test Page powered by CentOS,YxlinkWAF                                           ,http://202.120.167.92,,False,False,
46347,620,202.120.167.92,443,True,,low,Apache HTTP Server Test Page powered by CentOS,Apache/2.4.6 (CentOS) OpenSSL/1.0.1e-fips PHP/5.4.16,https://202.120.167.92:443,,False,False,
46348,620,202.120.167.100,21,True,,medium,,,,,False,False,
46349,620,202.120.167.100,80,True,,low,空标题,YxlinkWAF        ,http://202.120.167.100,,False,False,
46350,620,202.120.167.97,80,True,,low,许鹏教授课题组,YxlinkWAF   ,http://202.120.167.97,,False,False,
46351,620,202.120.167.107,80,True,,low,同济大学物理科学与工程学院,YxlinkWAF         ,http://202.120.167.107,,False,False,
46352,620,202.120.167.101,80,True,,low,同济大学设计创意学院,YxlinkWAF        ,http://202.120.167.101,,False,False,
46353,620,202.120.167.107,443,True,,low,同济大学物理科学与工程学院,Microsoft-IIS/10.0,https://202.120.167.107:443,,False,False,
46354,620,202.120.167.106,80,True,,low,首页 - 同济大学土木工程学院地下建筑与工程系 ,None,http://202.120.167.106,,False,False,
46355,620,202.120.167.104,80,True,,low,海洋空间 &#8211; 浩瀚的海洋·知识的空间,none,http://202.120.167.104,,False,False,
46356,620,202.120.167.105,80,True,,low,,,,,False,False,
46357,620,202.120.167.112,1433,True,,medium,,,,,False,False,
46358,620,202.120.167.112,3306,True,,medium,,,,,False,False,
46359,620,202.120.167.115,3306,True,,medium,,,,,False,False,
46360,620,202.120.167.117,21,True,,medium,,,,,False,False,
46361,620,202.120.167.117,3306,True,,medium,,,,,False,False,
46362,620,202.120.167.118,21,True,,medium,,,,,False,False,
46363,620,202.120.167.109,80,True,,low,Nothing!,Yxlink,http://202.120.167.109,,False,False,
46364,620,202.120.167.120,80,True,,low,500 Internal Server Error,,http://202.120.167.120,,False,False,
46365,620,202.120.167.117,80,True,,low,空标题,YxlinkWAF        ,http://202.120.167.117,,False,False,
46366,620,202.120.167.118,80,True,,low,空标题,YxlinkWAF   ,http://202.120.167.118,,False,False,
46367,620,202.120.167.108,80,True,,low,空标题,YxlinkWAF   ,http://202.120.167.108,,False,False,
46368,620,202.120.167.116,80,True,,low,,,,,False,False,
46369,620,202.120.167.113,80,True,,low,首页 - 同济大学机器人与人工智能实验室,YxlinkWAF        ,http://202.120.167.113,,False,False,
46370,620,202.120.167.124,3306,True,,medium,,,,,False,False,
46371,620,202.120.167.125,21,True,,medium,,,,,False,False,
46372,620,202.120.167.127,1433,True,,medium,,,,,False,False,
46373,620,202.120.167.132,8080,True,,low,IIS7,YxlinkWAF        ,http://202.120.167.132:8080,,False,False,
46374,620,202.120.167.127,80,True,,low,HTTP Status 404 – 未找到,None,http://202.120.167.127,,False,False,
46375,620,202.120.167.132,8081,True,,low,IIS7,Microsoft-IIS/7.5,http://202.120.167.132:8081,,False,False,
46376,620,202.120.167.132,80,True,,low,空标题,YxlinkWAF            ,http://202.120.167.132,,False,False,
46377,620,202.120.167.121,80,True,,low,空标题,YxlinkWAF        ,http://202.120.167.121,,False,False,
46378,620,202.120.167.130,80,True,,low,空标题,YxlinkWAF            ,http://202.120.167.130,,False,False,
46379,620,202.120.167.122,80,True,,low,
     同济大学出版社
    
    ,YxlinkWAF   ,http://202.120.167.122,,False,False,
46380,620,202.120.167.124,80,True,,low,Míchaël,YxlinkWAF   ,http://202.120.167.124,,False,False,
46381,620,202.120.167.125,80,True,,low,建筑工程系-结构性能演化与控制研究室- ,YxlinkWAF        ,http://202.120.167.125,,False,False,
46382,620,202.120.167.129,80,True,,low,,,,,False,False,
46383,620,202.120.167.135,21,True,,medium,,,,,False,False,
46384,620,202.120.167.140,1433,True,,medium,,,,,False,False,
46385,620,202.120.167.140,21,True,,medium,,,,,False,False,
46386,620,202.120.167.142,21,True,,medium,,,,,False,False,
46387,620,202.120.167.143,21,True,,medium,,,,,False,False,
46388,620,202.120.167.141,80,True,,low,空标题,YxlinkWAF        ,http://202.120.167.141,,False,False,
46389,620,202.120.167.143,80,True,,low,高密度人居环境生态与节能教育部重点实验室（同济大学）,YxlinkWAF        ,http://202.120.167.143,,False,False,
46390,620,202.120.167.142,80,True,,low,T.P.M 交通运输规划与管理研究组,YxlinkWAF   ,http://202.120.167.142,,False,False,
46391,620,202.120.167.144,80,True,,low,空标题,YxlinkWAF        ,http://202.120.167.144,,False,False,
46392,620,202.120.167.140,80,True,,low,首页 - 同济大学软件学院,YxlinkWAF        ,http://202.120.167.140,,False,False,
46393,620,202.120.167.138,80,True,,low,BiDL Lab,none,http://202.120.167.138,,False,False,
46394,620,202.120.167.138,443,True,,low,BiDL Lab,none,https://202.120.167.138:443,,False,False,
46395,620,202.120.167.152,3306,True,,medium,,,,,False,False,
46396,620,202.120.167.157,21,True,,medium,,,,,False,False,
46397,620,202.120.167.152,80,True,,low,同济大学图形图像实验室,YxlinkWAF        ,http://202.120.167.152,,False,False,
46398,620,202.120.167.153,80,True,,low,空标题,YxlinkWAF        ,http://202.120.167.153,,False,False,
46399,620,202.120.167.157,80,True,,low,
	please select the language
,YxlinkWAF        ,http://202.120.167.157,,False,False,
46400,620,202.120.167.148,8080,True,,low,首页 | 同济大学软件学院,,http://202.120.167.148:8080,,False,False,
46401,620,202.120.167.154,80,True,,low,空标题,YxlinkWAF        ,http://202.120.167.154,,False,False,
46402,620,202.120.167.154,443,True,,low,空标题,Microsoft-IIS/7.5,https://202.120.167.154:443,,False,False,
46403,620,202.120.167.152,8080,True,,low,Index of /,ecstatic-3.2.0,http://202.120.167.152:8080,,False,False,
46404,620,202.120.167.149,80,True,,low,同济大学测量实验教学网站,YxlinkWAF        ,http://202.120.167.149,,False,False,
46405,620,202.120.167.149,8081,True,,low,登录虚拟仿真实验教学管理平台,None,http://202.120.167.149:8081,,False,False,
46406,620,202.120.167.168,3306,True,,medium,,,,,False,False,
46407,620,202.120.167.158,80,True,,low,叶昕教授课题组,YxlinkWAF        ,http://202.120.167.158,,False,False,
46408,620,202.120.167.168,8080,True,,low,Apache Tomcat/7.0.63,YxlinkWAF        ,http://202.120.167.168:8080,,False,False,
46409,620,202.120.167.160,80,True,,low,,,,,False,False,
46410,620,202.120.167.171,21,True,,medium,,,,,False,False,
46411,620,202.120.167.174,21,True,,medium,,,,,False,False,
46412,620,202.120.167.176,21,True,,medium,,,,,False,False,
46413,620,202.120.167.176,3306,True,,medium,,,,,False,False,
46414,620,202.120.167.178,1521,True,,medium,,,,,False,False,
46415,620,202.120.167.179,21,True,,medium,,,,,False,False,
46416,620,202.120.167.182,80,True,,low,,,,,False,False,
46417,620,202.120.167.177,80,True,,low,Materials Tongji Univ.,YxlinkWAF         ,http://202.120.167.177,,False,False,
46418,620,202.120.167.178,80,True,,low,Object not found!,YxlinkWAF                                                                     ,http://202.120.167.178,,False,False,
46419,620,202.120.167.171,80,True,,low,首页 - 同济大学媒体实验与实践中心,None,http://202.120.167.171,,False,False,
46420,620,202.120.167.176,80,True,,low,同济大学机械实验中心,YxlinkWAF        ,http://202.120.167.176,,False,False,
46421,620,202.120.167.174,80,True,,low,,,,,False,False,
46422,620,202.120.167.179,80,True,,low,,,,,False,False,
46423,620,202.120.167.194,3306,True,,medium,,,,,False,False,
46424,620,202.120.167.183,80,True,,low,空标题,YxlinkWAF        ,http://202.120.167.183,,False,False,
46425,620,202.120.167.191,80,True,,low,首页 - 用户体验实验室(UXLab),YxlinkWAF                                      ,http://202.120.167.191,,False,False,
46426,620,202.120.167.186,80,True,,low,空标题,YxlinkWAF        ,http://202.120.167.186,,False,False,
46427,620,202.120.167.189,80,True,,low,空标题,YxlinkWAF        ,http://202.120.167.189,,False,False,
46428,620,202.120.167.194,80,True,,low,Míchaël,YxlinkWAF   ,http://202.120.167.194,,False,False,
46429,620,202.120.167.191,443,True,,low,Welcome to XAMPP,Apache/2.4.23 (Win32) OpenSSL/1.0.2h PHP/5.6.28,https://202.120.167.191:443,,False,False,
46430,620,202.120.167.184,80,True,,low,
	同济大学师生健康保障系统
,YxlinkWAF        ,http://202.120.167.184,,False,False,
46431,620,202.120.167.196,21,True,,medium,,,,,False,False,
46432,620,202.120.167.199,3306,True,,medium,,,,,False,False,
46433,620,202.120.167.207,3306,True,,medium,,,,,False,False,
46434,620,202.120.167.199,80,True,,low,503 Service Unavailable,YxlinkWAF                                           ,http://202.120.167.199,,False,False,
46435,620,202.120.167.207,80,True,,low,Apache Tomcat/7.0.103,YxlinkWAF        ,http://202.120.167.207,,False,False,
46436,620,202.120.167.197,8080,True,,low,Apache Tomcat/7.0.79,YxlinkWAF        ,http://202.120.167.197:8080,,False,False,
46437,620,202.120.167.199,443,True,,low,404 Not Found,Apache/2.4.6 (CentOS) OpenSSL/1.0.2k-fips PHP/5.6.40,https://202.120.167.199:443,,False,False,
46438,620,202.120.167.205,80,True,,low,同济大学发展研究院,,http://202.120.167.205,,False,False,
46439,620,202.120.167.196,80,True,,low,杨晓伟教授课题组 | Professor Yang's Team,YxlinkWAF        ,http://202.120.167.196,,False,False,
46440,620,202.120.167.218,1433,True,,medium,,,,,False,False,
46441,620,202.120.167.219,1433,True,,medium,,,,,False,False,
46442,620,202.120.167.218,80,True,,low,空标题,YxlinkWAF        ,http://202.120.167.218,,False,False,
46443,620,202.120.167.219,80,True,,low,IIS Windows Server,YxlinkWAF        ,http://202.120.167.219,,False,False,
46444,620,202.120.167.219,8081,True,,low,,,,,False,False,
46445,620,202.120.167.219,8080,True,,low,,,,,False,False,
46446,620,202.120.167.228,21,True,,medium,,,,,False,False,
46447,620,202.120.167.229,3306,True,,medium,,,,,False,False,
46448,620,202.120.167.232,21,True,,medium,,,,,False,False,
46449,620,202.120.167.232,1433,True,,medium,,,,,False,False,
46450,620,202.120.167.228,80,True,,low,同济交通学院 综合交通信息与控制工程系,YxlinkWAF   ,http://202.120.167.228,,False,False,
46451,620,202.120.167.229,80,True,,low,Error,None,http://202.120.167.229,,False,False,
46452,620,202.120.167.232,80,True,,low,IIS Windows Server,YxlinkWAF        ,http://202.120.167.232,,False,False,
46453,620,202.120.167.232,8080,True,,low,403 - 禁止访问: 访问被拒绝。,YxlinkWAF        ,http://202.120.167.232:8080,,False,False,
46454,620,202.120.167.232,8081,True,,low,PM2工程项目管理系统,Microsoft-IIS/8.5,http://202.120.167.232:8081,,False,False,
46455,620,202.120.167.231,80,True,,low,
	
        同济大学陶艺设计精品课程
,YxlinkWAF        ,http://202.120.167.231,,False,False,
46456,620,202.120.167.237,1521,True,,medium,,,,,False,False,
46457,620,202.120.167.237,3306,True,,medium,,,,,False,False,
46458,620,202.120.167.238,3306,True,,medium,,,,,False,False,
46459,620,202.120.167.241,21,True,,medium,,,,,False,False,
46460,620,202.120.167.243,1433,True,,medium,,,,,False,False,
46461,620,202.120.167.245,21,True,,medium,,,,,False,False,
46462,620,202.120.167.236,80,True,,low,空标题,None,http://202.120.167.236,,False,False,
46463,620,202.120.167.241,80,True,,low,空标题,YxlinkWAF            ,http://202.120.167.241,,False,False,
46464,620,202.120.167.243,80,True,,low,Apache Tomcat/6.0.36 - Error report,YxlinkWAF        ,http://202.120.167.243,,False,False,
46465,620,202.120.167.239,80,True,,low,403 Forbidden,YxlinkWAF   ,http://202.120.167.239,,False,False,
46466,620,202.120.167.245,80,True,,low,CAMT 2019,YxlinkWAF   ,http://202.120.167.245,,False,False,
46467,620,202.120.167.240,80,True,,low,空标题,Yxlink,http://202.120.167.240,,False,False,
46468,620,202.120.167.238,80,True,,low,空标题,YxlinkWAF   ,http://202.120.167.238,,False,False,
46469,620,202.120.167.244,80,True,,low,,,,,False,False,
46470,620,202.120.167.244,443,True,,low,ALPD_OJ 高程在线判题网站,Tongji_HLLPOJ_Server / v1.0.1,https://202.120.167.244:443,,False,False,
46471,620,202.120.167.237,80,True,,low,503 Service Unavailable,YxlinkWAF                                     ,http://202.120.167.237,,False,False,
46472,620,202.120.167.243,8080,True,,low,,,,,False,False,
46473,620,202.120.167.248,80,True,,low,404 Not Found,YxlinkWAF   ,http://202.120.167.248,,False,False,
46474,620,202.120.167.251,8080,True,,low,首页SEO标题,YxlinkWAF   ,http://202.120.167.251:8080,,False,False,
46475,620,202.120.167.248,443,True,,low,首页SEO标题,nginx/1.16.1,https://202.120.167.248:443,,False,False,
46476,620,202.120.167.246,80,True,,low,,,,,False,False,
46477,620,202.120.170.11,2049,True,,high,,,,,False,False,
46478,620,202.120.170.11,7001,True,,low,空标题,None,http://202.120.170.11:7001,,False,False,
46479,620,202.120.170.13,7001,True,,low,空标题,None,http://202.120.170.13:7001,,False,False,
46480,620,202.120.170.9,443,True,,low,403 Forbidden,openresty,https://202.120.170.9:443,,False,False,
46481,620,202.120.170.9,80,True,,low,空标题,YxlinkWAF,http://202.120.170.9,,False,False,
46482,620,202.120.170.21,6379,True,,medium,,,,redis弱密码,True,False,
46483,620,202.120.170.22,3306,True,,medium,,,,,False,False,
46484,620,202.120.170.25,6379,True,,medium,,,,redis弱密码,True,False,
46485,620,202.120.170.15,80,True,,low,401 Authorization Required,YxlinkWAF        ,http://202.120.170.15,,False,False,
46486,620,202.120.170.16,80,True,,low,ESOP网关配置工具,YxlinkWAF        ,http://202.120.170.16,,False,False,
46487,620,202.120.170.17,8080,True,,low,Apache Tomcat/7.0.61,YxlinkWAF        ,http://202.120.170.17:8080,,False,False,
46488,620,202.120.170.24,80,True,,low,401 Authorization Required,YxlinkWAF        ,http://202.120.170.24,,False,False,
46489,620,202.120.170.23,443,True,,low,403 Forbidden,openresty,https://202.120.170.23:443,,False,False,
46490,620,202.120.170.23,80,True,,low,空标题,YxlinkWAF,http://202.120.170.23,,False,False,
46491,620,202.120.170.19,7001,True,,low,空标题,None,http://202.120.170.19:7001,,False,False,
46492,620,202.120.170.29,1433,True,,medium,,,,,False,False,
46493,620,202.120.170.30,8080,True,,low,空标题,YxlinkWAF        ,http://202.120.170.30:8080,,False,False,
46494,620,202.120.170.29,80,True,,low,IIS Windows Server,YxlinkWAF        ,http://202.120.170.29,,False,False,
46495,620,202.120.171.2,21,True,,medium,,,,,False,False,
46496,620,202.120.171.4,3306,True,,medium,,,,,False,False,
46497,620,202.120.171.7,1433,True,,medium,,,,,False,False,
46498,620,202.120.171.1,80,True,,low,HTTP状态 404 - 未找到,None,http://202.120.171.1,,False,False,
46499,620,202.120.171.2,80,True,,low,空标题,YxlinkWAF   ,http://202.120.171.2,,False,False,
46500,620,202.120.171.3,8080,True,,low,空标题,YxlinkWAF        ,http://202.120.171.3:8080,,False,False,
46501,620,202.120.171.8,8080,True,,low,IIS Windows Server,YxlinkWAF        ,http://202.120.171.8:8080,,False,False,
46502,620,202.120.171.6,8080,True,,low,,,,,False,False,
46503,620,202.120.171.2,443,True,,low,403 Forbidden,nginx/1.12.2,https://202.120.171.2:443,,False,False,
46504,620,202.120.171.3,80,True,,low,空标题,,http://202.120.171.3,,False,False,
46505,620,202.120.171.6,443,True,,low,同济科研系统,nginx/1.18.0 + Phusion Passenger(R) 6.0.10,https://202.120.171.6:443,,False,False,
46506,620,202.120.171.8,80,True,,low,空标题,None,http://202.120.171.8,,False,False,
46507,620,202.120.171.6,80,True,,low,同济科研系统,nginx/1.18.0 + Phusion Passenger(R) 6.0.10,http://202.120.171.6,,False,False,
46508,620,202.120.171.5,80,True,,low,
	学生成绩管理系统V1.0
,YxlinkWAF        ,http://202.120.171.5,,False,False,
46509,620,202.120.171.7,80,True,,low,IIS Windows Server,YxlinkWAF        ,http://202.120.171.7,,False,False,
46510,620,202.120.171.11,6379,True,,medium,,,,,False,False,
46511,620,202.120.171.11,3306,True,,medium,,,,,False,False,
46512,620,202.120.171.14,21,True,,medium,,,,,False,False,
46513,620,202.120.171.15,21,True,,medium,,,,,False,False,
46514,620,202.120.171.20,21,True,,medium,,,,,False,False,
46515,620,202.120.171.15,8080,True,,low,空标题,None,http://202.120.171.15:8080,,False,False,
46516,620,202.120.171.15,80,True,,low,空标题,,http://202.120.171.15,,False,False,
46517,620,202.120.171.20,80,True,,low,同济大学新生院,YxlinkWAF   ,http://202.120.171.20,,False,False,
46518,620,202.120.171.14,80,True,,low,空标题,None,http://202.120.171.14,,False,False,
46519,620,202.120.171.15,443,True,,low,400 No required SSL certificate was sent,nginx,https://202.120.171.15:443,,False,False,
46520,620,202.120.171.15,8443,True,,low,,,,,False,False,
46521,620,202.120.171.14,8443,True,,low,,,,,False,False,
46522,620,202.120.171.11,80,True,,low,Document1,YxlinkWAF   ,http://202.120.171.11,,False,False,
46523,620,202.120.171.11,8080,True,,low,空标题,None,http://202.120.171.11:8080,,False,False,
46524,620,202.120.171.23,21,True,,medium,,,,,False,False,
46525,620,202.120.171.22,21,True,,medium,,,,,False,False,
46526,620,202.120.171.24,3306,True,,medium,,,,,False,False,
46527,620,202.120.171.26,1521,True,,medium,,,,,False,False,
46528,620,202.120.171.30,2049,True,,high,,,,,False,False,
46529,620,202.120.171.31,2049,True,,high,,,,,False,False,
46530,620,202.120.171.32,2049,True,,high,,,,,False,False,
46531,620,202.120.171.28,80,True,,low,登陆,YxlinkWAF   ,http://202.120.171.28,,False,False,
46532,620,202.120.171.27,80,True,,low,Welcome to nginx!,YxlinkWAF   ,http://202.120.171.27,,False,False,
46533,620,202.120.171.30,7001,True,,low,空标题,None,http://202.120.171.30:7001,,False,False,
46534,620,202.120.171.23,80,True,,low,同济大学本科生院精品课程,YxlinkWAF   ,http://202.120.171.23,,False,False,
46535,620,202.120.171.25,443,True,,low,空标题,Microsoft-HTTPAPI/2.0,https://202.120.171.25:443,,False,False,
46536,620,202.120.171.22,80,True,,low,空标题,YxlinkWAF   ,http://202.120.171.22,,False,False,
46537,620,202.120.171.25,80,True,,low,空标题,Microsoft-HTTPAPI/2.0,http://202.120.171.25,,False,False,
46538,620,202.120.171.26,80,True,,low,空标题,None,http://202.120.171.26,,False,False,
46539,620,202.120.171.24,80,True,,low,
上海自主智能无人系统科学中心 - ,YxlinkWAF         ,http://202.120.171.24,,False,False,
46540,620,202.120.171.37,21,True,,medium,,,,,False,False,
46541,620,202.120.171.39,1433,True,,medium,,,,,False,False,
46542,620,202.120.171.46,21,True,,medium,,,,,False,False,
46543,620,202.120.171.44,80,True,,low,404 Not Found,YxlinkWAF         ,http://202.120.171.44,,False,False,
46544,620,202.120.171.45,80,True,,low, 基层就业工作管理系统 ,YxlinkWAF   ,http://202.120.171.45,,False,False,
46545,620,202.120.171.36,8080,True,,low,HTTP Status 404 – 未找到,None,http://202.120.171.36:8080,,False,False,
46546,620,202.120.171.39,80,True,,low,同济大学档案服务系统,None,http://202.120.171.39,,False,False,
46547,620,202.120.171.43,7001,True,,low,空标题,None,http://202.120.171.43:7001,,False,False,
46548,620,202.120.171.46,80,True,,low,空标题,,http://202.120.171.46,,False,False,
46549,620,202.120.171.36,443,True,,low,HTTP Status 404 – 未找到,None,https://202.120.171.36:443,,False,False,
46550,620,202.120.171.37,443,True,,low,同济大学大型仪器共享平台,Apache-Coyote/1.1,https://202.120.171.37:443,,False,False,
46551,620,202.120.171.38,8081,True,,low,同济大学国际学生生活服务平台登录,None,http://202.120.171.38:8081,,False,False,
46552,620,202.120.171.37,80,True,,low,同济大学大型仪器共享平台,Apache-Coyote/1.1,http://202.120.171.37,,False,False,
46553,620,202.120.171.41,80,True,,low,”智能计算与应用”同济大学数学中心,YxlinkWAF         ,http://202.120.171.41,,False,False,
46554,620,202.120.171.38,80,True,,low,,,,,False,False,
46555,620,202.120.171.38,8080,True,,low,,,,,False,False,
46556,620,202.120.171.47,21,True,,medium,,,,,False,False,
46557,620,202.120.171.48,21,True,,medium,,,,,False,False,
46558,620,202.120.171.49,21,True,,medium,,,,,False,False,
46559,620,202.120.171.50,21,True,,medium,,,,,False,False,
46560,620,202.120.171.50,3306,True,,medium,,,,,False,False,
46561,620,202.120.171.51,3306,True,,medium,,,,,False,False,
46562,620,202.120.171.54,21,True,,medium,,,,,False,False,
46563,620,202.120.171.54,3306,True,,medium,,,,,False,False,
46564,620,202.120.171.57,2049,True,,high,,,,,False,False,
46565,620,202.120.171.50,80,True,,low,没有找到站点,,http://202.120.171.50,,False,False,
46566,620,202.120.171.53,80,True,,low,干部综合信息管理服务平台,YxlinkWAF   ,http://202.120.171.53,,False,False,
46567,620,202.120.171.56,80,True,,low,HTTP状态 404 - 未找到,YxlinkWAF   ,http://202.120.171.56,,False,False,
46568,620,202.120.171.57,7001,True,,low,空标题,None,http://202.120.171.57:7001,,False,False,
46569,620,202.120.171.48,80,True,,low,空标题,,http://202.120.171.48,,False,False,
46570,620,202.120.171.49,80,True,,low,空标题,,http://202.120.171.49,,False,False,
46571,620,202.120.171.47,80,True,,low,空标题,,http://202.120.171.47,,False,False,
46572,620,202.120.171.54,80,True,,low,空标题,YxlinkWAF   ,http://202.120.171.54,,False,False,
46573,620,202.120.171.61,1521,True,,medium,,,,,False,False,
46574,620,202.120.171.62,1521,True,,medium,,,,,False,False,
46575,620,202.120.171.64,21,True,,medium,,,,,False,False,
46576,620,202.120.171.63,21,True,,medium,,,,,False,False,
46577,620,202.120.171.64,3306,True,,medium,,,,,False,False,
46578,620,202.120.171.64,80,True,,low,空标题,None,http://202.120.171.64,,False,False,
46579,620,202.120.171.71,8080,True,,low,,,,,False,False,
46580,620,202.120.171.71,443,True,,low,港澳台事务办公室信息系统,nginx,https://202.120.171.71:443,,False,False,
46581,620,202.120.171.71,80,True,,low,港澳台事务办公室信息系统,nginx,http://202.120.171.71,,False,False,
46582,620,202.120.171.63,80,True,,low,空标题,None,http://202.120.171.63,,False,False,
46583,620,202.120.171.63,443,True,,low,空标题,None,https://202.120.171.63:443,,False,False,
46584,620,202.120.171.79,80,True,,low,空标题,YxlinkWAF         ,http://202.120.171.79,,False,False,
46585,620,202.120.171.100,21,True,,medium,,,,,False,False,
46586,620,202.120.171.100,80,True,,low,403 Forbidden,YxlinkWAF   ,http://202.120.171.100,,False,False,
46587,620,202.120.171.100,443,True,,low,欢迎访问同济大学主页,nginx/1.12.1,https://202.120.171.100:443,,False,False,
46588,620,202.120.176.1,21,True,,medium,,,,,False,False,
46589,620,202.120.176.1,80,True,,low,同济大学本科招生网- 同济大学本科招生网,YxlinkWAF   ,http://202.120.176.1,,False,False,
46590,620,202.120.176.3,80,True,,low,404错误提示,Yxlink,http://202.120.176.3,,False,False,
46591,620,202.120.176.2,80,True,,low,Welcome to nginx!,YxlinkWAF   ,http://202.120.176.2,,False,False,
46592,620,202.120.176.3,8080,True,,low,VAppServer/6.0.0 - Error report,YxlinkWAF       ,http://202.120.176.3:8080,,False,False,
46593,620,202.120.176.2,443,True,,low,考生平台,nginx/1.16.1,https://202.120.176.2:443,,False,False,
46594,620,202.120.176.1,443,True,,low,同济大学本科招生网- 同济大学本科招生网,nginx/1.18.0,https://202.120.176.1:443,,False,False,
46595,620,202.120.176.3,443,True,,low,同济大学,******,https://202.120.176.3:443,,False,False,
46596,620,202.120.176.6,21,True,,medium,,,,,False,False,
46597,620,202.120.176.7,1521,True,,medium,,,,,False,False,
46598,620,202.120.176.8,21,True,,medium,,,,,False,False,
46599,620,202.120.176.4,8080,True,,low,VAppServer/6.0.0 - Error report,YxlinkWAF       ,http://202.120.176.4:8080,,False,False,
46600,620,202.120.176.5,8080,True,,low,VAppServer/6.0.0 - Error report,YxlinkWAF       ,http://202.120.176.5:8080,,False,False,
46601,620,202.120.176.4,80,True,,low,404错误提示,Yxlink,http://202.120.176.4,,False,False,
46602,620,202.120.176.9,7001,True,,low,空标题,None,http://202.120.176.9:7001,,False,False,
46603,620,202.120.176.11,443,True,,low,403 Forbidden,openresty,https://202.120.176.11:443,,False,False,
46604,620,202.120.176.5,80,True,,low,系统提示,YxlinkWAF       ,http://202.120.176.5,,False,False,
46605,620,202.120.176.5,8443,True,,low,VAppServer/6.0.0 - Error report,VAppServer/6.0.0,https://202.120.176.5:8443,,False,False,
46606,620,202.120.176.6,443,True,,low,同济大学采购与招标管理办公室,Apache-Coyote/1.1,https://202.120.176.6:443,,False,False,
46607,620,202.120.176.11,80,True,,low,403 Forbidden,openresty,http://202.120.176.11,,False,False,
46608,620,202.120.176.6,80,True,,low,同济大学采购与招标管理办公室,Apache-Coyote/1.1,http://202.120.176.6,,False,False,
46609,620,202.120.176.4,443,True,,low,同济大学,******,https://202.120.176.4:443,,False,False,
46610,620,202.120.176.8,80,True,,low,,,,,False,False,
46611,620,202.120.189.34,443,True,,low,error,None,https://202.120.189.34:443,,False,False,
